,Carrier,Dep Arpt,Arr Arpt,Gate Time,Dir,Slack,Gate Dep Dly,Gate Arr Dly,Carrier Delay
1,AAL,ORD,DEN,0:04,In,0,109,94,49
1,AAL,LAX,DEN,1:01,In,0,0,0,0
1,AAL,DFW,DEN,1:02,In,0,92,92,1
1,AAL,DEN,DFW,5:47,Out,1,0,0,0
1,AAL,DEN,LAX,6:25,Out,2,0,0,0
1,AAL,DEN,DFW,7:19,Out,3,0,0,0
1,AAL,DFW,DEN,8:12,In,2,0,0,0
1,AAL,DEN,MIA,8:15,Out,3,25,15,15
1,AAL,DEN,ORD,8:26,Out,4,136,135,0
1,AAL,DEN,DFW,9:08,Out,5,0,0,0
1,AAL,ORD,DEN,9:19,In,4,9,29,9
1,AAL,DFW,DEN,9:45,In,3,0,5,0
1,AAL,DEN,ORD,9:59,Out,4,14,16,0
1,AAL,DEN,DFW,10:30,Out,5,0,0,0
1,AAL,LAX,DEN,10:42,In,4,0,0,0
1,AAL,DEN,LAX,11:25,Out,5,0,0,0
1,AAL,DFW,DEN,11:46,In,4,31,41,31
1,AAL,DFW,DEN,12:29,In,3,1,9,0
1,AAL,DEN,DFW,12:37,Out,4,42,34,9
1,AAL,DEN,DFW,13:18,Out,5,8,0,0
1,AAL,DFW,DEN,13:58,In,4,0,3,0
1,AAL,DEN,DFW,14:51,Out,5,0,0,0
1,AAL,LAX,DEN,15:01,In,4,1,11,0
1,AAL,DFW,DEN,15:09,In,3,0,0,0
1,AAL,DEN,LAX,15:39,Out,4,9,6,0
1,AAL,ORD,DEN,15:46,In,3,180,226,0
1,AAL,DEN,DFW,16:05,Out,4,0,0,0
1,AAL,DEN,ORD,16:19,Out,5,219,229,0
1,AAL,ORD,DEN,16:27,In,4,43,42,0
1,AAL,DFW,DEN,16:29,In,3,2,0,0
1,AAL,DEN,ORD,17:17,Out,4,42,35,0
1,AAL,DEN,DFW,17:27,Out,5,0,0,0
1,AAL,DFW,DEN,18:17,In,4,0,7,0
1,AAL,ORD,DEN,18:21,In,3,37,36,0
1,AAL,DEN,ORD,18:54,Out,4,29,17,0
1,AAL,DEN,DFW,18:59,Out,5,0,0,0
1,AAL,LAX,DEN,19:06,In,4,0,16,0
1,AAL,MIA,DEN,19:28,In,3,0,0,0
1,AAL,DEN,LAX,20:02,Out,4,32,5,0
1,AAL,DFW,DEN,21:59,In,3,86,94,6
1,AAL,MIA,DEN,23:00,In,2,0,15,0
1,AAL,DEN,MIA,23:48,Out,3,0,0,0
2,ASA,ANC,DEN,6:38,In,-1,0,0,0
2,ASA,DEN,SEA,8:08,Out,0,0,0,0
2,ASA,SEA,DEN,11:07,In,-1,2,0,0
2,ASA,DEN,SEA,11:59,Out,0,0,0,0
2,ASA,SEA,DEN,16:28,In,-1,0,6,0
2,ASA,DEN,SEA,17:11,Out,0,0,0,0
2,ASA,SEA,DEN,19:27,In,-1,0,3,0
2,ASA,DEN,SEA,20:13,Out,0,0,0,0
2,ASA,SEA,DEN,21:04,In,-1,0,0,0
2,ASA,DEN,ANC,21:59,Out,0,0,0,0
3,DAL,DEN,CVG,6:15,Out,1,0,0,0
3,DAL,DEN,MSP,6:15,Out,2,15,4,0
3,DAL,DEN,ATL,6:17,Out,3,2,0,0
3,DAL,DEN,SLC,6:22,Out,4,0,3,0
3,DAL,DEN,DTW,6:34,Out,5,0,8,0
3,DAL,SLC,DEN,7:03,In,4,0,0,0
3,DAL,DEN,ATL,7:15,Out,5,15,2,0
3,DAL,DEN,MSP,7:30,Out,6,0,0,0
3,DAL,DEN,ATL,7:44,Out,7,0,0,0
3,DAL,DEN,SLC,7:46,Out,8,0,0,0
3,DAL,SLC,DEN,7:56,In,7,0,0,0
3,DAL,SLC,DEN,8:05,In,6,9,4,0
3,DAL,MSP,DEN,8:09,In,5,0,0,0
3,DAL,DEN,SLC,8:38,Out,6,0,0,0
3,DAL,DEN,ATL,9:01,Out,7,1,0,0
3,DAL,DEN,MSP,9:08,Out,8,0,0,0
3,DAL,ATL,DEN,9:20,In,7,0,0,0
3,DAL,CVG,DEN,9:51,In,6,0,0,0
3,DAL,SLC,DEN,10:05,In,5,0,0,0
3,DAL,DEN,ATL,10:12,Out,6,0,0,0
3,DAL,DTW,DEN,10:17,In,5,0,11,0
3,DAL,SLC,DEN,10:32,In,4,0,12,0
3,DAL,MSP,DEN,10:35,In,3,0,0,0
3,DAL,DEN,LGA,10:38,Out,4,0,7,0
3,DAL,ATL,DEN,10:47,In,3,0,0,0
3,DAL,LGA,DEN,10:54,In,2,0,17,0
3,DAL,DEN,SLC,11:10,Out,3,0,0,0
3,DAL,DEN,SLC,11:20,Out,4,0,0,0
3,DAL,DEN,MSP,11:25,Out,5,0,0,0
3,DAL,DEN,ATL,11:39,Out,6,0,0,0
3,DAL,DEN,DTW,11:45,Out,7,0,0,0
3,DAL,DEN,JFK,11:54,Out,8,0,0,0
3,DAL,SLC,DEN,12:22,In,7,0,0,0
3,DAL,ATL,DEN,12:31,In,6,0,11,0
3,DAL,MSP,DEN,12:33,In,5,3,0,0
3,DAL,DEN,SLC,12:56,Out,6,0,0,0
3,DAL,DEN,ATL,13:16,Out,7,1,0,0
3,DAL,ATL,DEN,13:25,In,6,0,0,0
3,DAL,DEN,MSP,13:30,Out,7,10,0,0
3,DAL,SLC,DEN,13:44,In,6,0,0,0
3,DAL,DTW,DEN,13:56,In,5,0,25,0
3,DAL,DEN,SLC,14:42,Out,6,0,3,0
3,DAL,SLC,DEN,14:48,In,5,0,9,0
3,DAL,ATL,DEN,14:58,In,4,1,0,0
3,DAL,DEN,ATL,15:05,Out,5,35,30,21
3,DAL,DEN,LGA,15:14,Out,6,0,0,0
3,DAL,MSP,DEN,15:42,In,5,6,7,0
3,DAL,DEN,MSP,15:56,Out,6,12,1,0
3,DAL,DEN,DTW,16:33,Out,7,18,0,0
3,DAL,MSP,DEN,16:41,In,6,0,0,0
3,DAL,DEN,MSP,17:32,Out,7,0,0,0
3,DAL,ATL,DEN,17:39,In,6,73,79,10
3,DAL,JFK,DEN,18:29,In,5,0,0,0
3,DAL,DEN,ATL,18:32,Out,6,92,87,12
3,DAL,MSP,DEN,19:05,In,5,6,21,0
3,DAL,ATL,DEN,19:25,In,4,1,10,0
3,DAL,DTW,DEN,20:28,In,3,71,83,66
3,DAL,ATL,DEN,21:29,In,2,56,34,0
3,DAL,LGA,DEN,21:40,In,1,55,74,55
3,DAL,MSP,DEN,22:59,In,0,0,0,0
4,FFT,BNA,DEN,3:26,In,1,620,621,620
4,FFT,ANC,DEN,5:40,In,0,0,0,0
4,FFT,FAI,DEN,5:50,In,-1,3,0,0
4,FFT,DEN,MDW,6:02,Out,0,0,8,0
4,FFT,DEN,SEA,6:28,Out,1,0,0,0
4,FFT,MCI,DEN,7:03,In,0,0,0,0
4,FFT,DEN,LGA,7:08,Out,1,8,8,0
4,FFT,DEN,MSP,7:14,Out,2,0,0,0
4,FFT,DAY,DEN,7:16,In,1,0,0,0
4,FFT,STL,DEN,7:18,In,0,0,0,0
4,FFT,DEN,IAH,7:18,Out,1,0,0,0
4,FFT,AUS,DEN,7:21,In,0,0,0,0
4,FFT,ATL,DEN,7:24,In,-1,0,4,0
4,FFT,DEN,DCA,7:24,Out,0,0,5,0
4,FFT,OMA,DEN,7:26,In,-1,0,0,0
4,FFT,MSP,DEN,7:28,In,-2,0,0,0
4,FFT,CAK,DEN,7:29,In,-3,0,6,0
4,FFT,DTW,DEN,7:29,In,-4,0,0,0
4,FFT,MDW,DEN,7:30,In,-5,0,2,0
4,FFT,MKE,DEN,7:38,In,-6,0,8,0
4,FFT,OKC,DEN,7:39,In,-7,0,0,0
4,FFT,IND,DEN,7:41,In,-8,0,2,0
4,FFT,DEN,DFW,7:53,Out,-7,53,56,10
4,FFT,DEN,PHX,8:02,Out,-6,0,0,0
4,FFT,DSM,DEN,8:06,In,-7,39,33,33
4,FFT,DEN,LAS,8:11,Out,-6,1,2,0
4,FFT,DEN,ABQ,8:11,Out,-5,6,3,0
4,FFT,DEN,SNA,8:12,Out,-4,2,5,0
4,FFT,DEN,SAN,8:19,Out,-3,4,4,0
4,FFT,DEN,BZN,8:22,Out,-2,2,11,0
4,FFT,DEN,GEG,8:23,Out,-1,0,0,0
4,FFT,DEN,SEA,8:23,Out,0,8,15,8
4,FFT,DEN,SLC,8:24,Out,1,9,3,0
4,FFT,DEN,PDX,8:31,Out,2,6,12,0
4,FFT,DEN,FLL,8:40,Out,3,100,88,88
4,FFT,SLC,DEN,8:40,In,2,0,0,0
4,FFT,DEN,SFO,8:43,Out,3,28,47,0
4,FFT,DEN,BIL,8:44,Out,4,29,42,0
4,FFT,DEN,BLI,8:48,Out,5,38,32,0
4,FFT,DEN,MDW,8:51,Out,6,31,33,31
4,FFT,DEN,LAX,9:19,Out,7,19,21,0
4,FFT,PHL,DEN,9:29,In,6,0,1,0
4,FFT,PDX,DEN,9:33,In,5,0,0,0
4,FFT,PHX,DEN,9:33,In,4,0,5,0
4,FFT,SMF,DEN,9:33,In,3,0,0,0
4,FFT,LGA,DEN,9:34,In,2,0,16,0
4,FFT,SAN,DEN,9:36,In,1,0,0,0
4,FFT,LAS,DEN,9:38,In,0,0,0,0
4,FFT,DFW,DEN,9:43,In,-1,7,16,7
4,FFT,GEG,DEN,9:46,In,-2,0,12,0
4,FFT,SEA,DEN,9:48,In,-3,6,2,0
4,FFT,SFO,DEN,9:53,In,-4,0,7,0
4,FFT,LAX,DEN,9:55,In,-5,4,11,0
4,FFT,SNA,DEN,9:59,In,-6,0,0,0
4,FFT,DEN,LAS,10:14,Out,-5,24,29,0
4,FFT,DEN,GTF,10:17,Out,-4,122,122,0
4,FFT,DEN,ATL,10:22,Out,-3,3,7,0
4,FFT,DEN,DFW,10:26,Out,-2,0,11,0
4,FFT,DEN,MSP,10:29,Out,-1,10,9,0
4,FFT,MSN,DEN,10:31,In,-2,0,0,0
4,FFT,DEN,MDT,10:36,Out,-1,1,10,0
4,FFT,DCA,DEN,10:37,In,-2,0,0,0
4,FFT,DEN,DTW,10:40,Out,-1,0,3,0
4,FFT,DEN,DSM,10:40,Out,0,7,3,0
4,FFT,DEN,CAK,10:41,Out,1,0,7,0
4,FFT,BNA,DEN,10:45,In,0,0,0,0
4,FFT,DEN,DAY,10:45,Out,1,0,0,0
4,FFT,DEN,STL,10:48,Out,2,8,15,8
4,FFT,DEN,MKE,10:49,Out,3,14,8,0
4,FFT,LAS,DEN,10:51,In,2,0,0,0
4,FFT,TPA,DEN,10:54,In,1,0,4,0
4,FFT,SEA,DEN,10:56,In,0,0,0,0
4,FFT,GRR,DEN,11:05,In,-1,10,15,10
4,FFT,ABQ,DEN,11:06,In,-2,0,0,0
4,FFT,LAX,DEN,11:09,In,-3,105,109,0
4,FFT,DEN,AUS,11:13,Out,-2,23,17,0
4,FFT,LGA,DEN,11:16,In,-3,0,8,0
4,FFT,DEN,BIS,11:18,Out,-2,24,22,0
4,FFT,MCO,DEN,11:30,In,-3,0,6,0
4,FFT,MCI,DEN,11:32,In,-4,105,94,94
4,FFT,DEN,MCO,11:36,Out,-3,56,71,14
4,FFT,DEN,IND,11:41,Out,-2,3,13,0
4,FFT,SLC,DEN,11:41,In,-3,0,1,0
4,FFT,DEN,DCA,11:42,Out,-2,0,22,0
4,FFT,DEN,SDF,11:43,Out,-1,13,3,0
4,FFT,MSP,DEN,11:49,In,-2,0,0,0
4,FFT,SFO,DEN,11:55,In,-3,0,0,0
4,FFT,SAN,DEN,12:01,In,-4,0,0,0
4,FFT,BZN,DEN,12:04,In,-5,7,0,0
4,FFT,MDW,DEN,12:07,In,-6,0,36,0
4,FFT,PHX,DEN,12:11,In,-7,0,0,0
4,FFT,DEN,PHF,12:14,Out,-6,54,53,3
4,FFT,BIL,DEN,12:17,In,-7,36,36,0
4,FFT,DEN,LGA,12:18,Out,-6,88,98,1
4,FFT,LAX,DEN,12:19,In,-7,0,0,0
4,FFT,IAH,DEN,12:19,In,-8,0,0,0
4,FFT,DEN,SEA,12:21,Out,-7,6,5,0
4,FFT,DFW,DEN,12:21,In,-8,54,54,1
4,FFT,DEN,MDW,12:29,Out,-7,39,34,0
4,FFT,LAS,DEN,12:29,In,-8,2,1,0
4,FFT,SEA,DEN,12:29,In,-9,0,0,0
4,FFT,PDX,DEN,12:36,In,-10,29,20,20
4,FFT,DEN,SLC,12:39,Out,-9,19,20,18
4,FFT,DEN,JAC,12:43,Out,-8,28,35,28
4,FFT,DEN,PDX,12:51,Out,-7,6,3,0
4,FFT,DEN,SFO,12:53,Out,-6,33,29,6
4,FFT,DEN,DFW,12:58,Out,-5,0,0,0
4,FFT,DEN,SMF,12:58,Out,-4,0,0,0
4,FFT,DEN,MSP,13:06,Out,-3,0,0,0
4,FFT,GEG,DEN,13:13,In,-4,0,0,0
4,FFT,DEN,ATL,13:14,Out,-3,0,0,0
4,FFT,DEN,MCI,13:14,Out,-2,0,0,0
4,FFT,DEN,BNA,13:15,Out,-1,120,114,84
4,FFT,DEN,SNA,13:15,Out,0,5,2,0
4,FFT,SNA,DEN,13:17,In,-1,4,2,0
4,FFT,DEN,SBA,13:17,Out,0,22,20,0
4,FFT,DEN,BIL,13:19,Out,1,9,12,0
4,FFT,DEN,BZN,13:22,Out,2,12,9,0
4,FFT,DEN,GEG,13:27,Out,3,63,63,26
4,FFT,DEN,SAN,13:32,Out,4,22,12,0
4,FFT,SAN,DEN,13:38,In,3,4,7,0
4,FFT,DEN,LAS,14:01,Out,4,4,0,0
4,FFT,DEN,PHX,14:04,Out,5,0,0,0
4,FFT,GTF,DEN,14:10,In,4,124,100,0
4,FFT,MDW,DEN,14:14,In,3,25,30,0
4,FFT,PDX,DEN,14:16,In,2,11,6,0
4,FFT,OMA,DEN,14:18,In,1,2,0,0
4,FFT,SEA,DEN,14:20,In,0,8,0,0
4,FFT,LAS,DEN,14:21,In,-1,22,11,0
4,FFT,DEN,LAX,14:23,Out,0,83,86,5
4,FFT,SFO,DEN,14:32,In,-1,32,30,0
4,FFT,LAX,DEN,14:45,In,-2,16,26,0
4,FFT,BLI,DEN,14:54,In,-3,34,29,2
4,FFT,DEN,IAH,15:00,Out,-2,0,0,0
4,FFT,DEN,DTW,15:04,Out,-1,89,78,0
4,FFT,MSP,DEN,15:05,In,-2,11,16,2
4,FFT,DSM,DEN,15:06,In,-3,8,40,0
4,FFT,DEN,SLC,15:06,Out,-2,6,6,0
4,FFT,DFW,DEN,15:08,In,-3,0,0,0
4,FFT,DEN,MDW,15:10,Out,-2,5,8,0
4,FFT,BIS,DEN,15:11,In,-3,30,36,0
4,FFT,DEN,PHL,15:15,Out,-2,0,0,0
4,FFT,DEN,LGA,15:19,Out,-1,9,0,0
4,FFT,DEN,CID,15:19,Out,0,9,0,0
4,FFT,DEN,OMA,15:23,Out,1,138,131,0
4,FFT,DEN,IND,15:24,Out,2,24,25,0
4,FFT,DEN,OKC,15:26,Out,3,16,14,0
4,FFT,DCA,DEN,15:33,In,2,4,18,0
4,FFT,DEN,MKE,15:33,Out,3,28,20,0
4,FFT,BBG,DEN,15:38,In,2,0,0,0
4,FFT,DEN,OMA,15:39,Out,3,14,11,0
4,FFT,DEN,AUS,15:41,Out,4,16,11,0
4,FFT,DEN,LIT,15:46,Out,5,36,27,0
4,FFT,DEN,MSP,15:48,Out,6,13,13,0
4,FFT,AUS,DEN,15:55,In,5,12,15,0
4,FFT,MKE,DEN,16:05,In,4,9,11,0
4,FFT,JAC,DEN,16:11,In,3,22,26,0
4,FFT,LGA,DEN,16:13,In,2,10,29,2
4,FFT,SLC,DEN,16:13,In,1,20,33,0
4,FFT,STL,DEN,16:32,In,0,23,61,11
4,FFT,DEN,DCA,16:34,Out,1,0,0,0
4,FFT,DEN,PHX,16:36,Out,2,1,6,0
4,FFT,DEN,LAX,16:37,Out,3,7,22,7
4,FFT,BIL,DEN,16:41,In,2,9,15,0
4,FFT,DEN,DFW,16:43,Out,3,48,39,0
4,FFT,DEN,STL,16:53,Out,4,88,83,0
4,FFT,DEN,PDX,16:57,Out,5,27,29,6
4,FFT,BZN,DEN,17:03,In,4,0,1,0
4,FFT,DEN,SFO,17:08,Out,5,33,32,10
4,FFT,DEN,LAS,17:09,Out,6,44,48,0
4,FFT,DTW,DEN,17:17,In,5,0,4,0
4,FFT,MCI,DEN,17:17,In,4,2,2,0
4,FFT,ATL,DEN,17:20,In,3,1,9,0
4,FFT,FLL,DEN,17:25,In,2,80,102,0
4,FFT,DAY,DEN,17:28,In,1,8,26,8
4,FFT,DFW,DEN,17:33,In,0,0,1,0
4,FFT,CAK,DEN,17:37,In,-1,10,15,3
4,FFT,STL,DEN,17:48,In,-2,2,8,0
4,FFT,MSP,DEN,17:51,In,-3,1,11,0
4,FFT,SDF,DEN,17:51,In,-4,1,29,0
4,FFT,MDW,DEN,17:53,In,-5,29,34,0
4,FFT,DEN,OMA,17:58,Out,-4,1,0,0
4,FFT,DEN,LGA,17:59,Out,-3,4,0,0
4,FFT,IND,DEN,18:01,In,-4,12,44,0
4,FFT,DEN,SEA,18:05,Out,-3,95,94,0
4,FFT,LAS,DEN,18:15,In,-4,0,0,0
4,FFT,DEN,SLC,18:16,Out,-3,11,11,0
4,FFT,DEN,SNA,18:16,Out,-2,11,5,0
4,FFT,SEA,DEN,18:18,In,-3,8,0,0
4,FFT,DEN,LAX,18:19,Out,-2,9,9,0
4,FFT,SNA,DEN,18:21,In,-3,1,6,0
4,FFT,DEN,SMF,18:22,Out,-2,2,0,0
4,FFT,DEN,DFW,18:23,Out,-1,23,12,0
4,FFT,PHX,DEN,18:27,In,-2,0,4,0
4,FFT,SMF,DEN,18:27,In,-3,0,2,0
4,FFT,DEN,PDX,18:28,Out,-2,13,7,0
4,FFT,SLC,DEN,18:29,In,-3,0,4,0
4,FFT,DEN,SEA,18:32,Out,-2,22,22,4
4,FFT,GEG,DEN,18:33,In,-3,61,66,0
4,FFT,DEN,MCO,18:35,Out,-2,115,118,4
4,FFT,PDX,DEN,18:37,In,-3,0,7,0
4,FFT,DEN,SFO,18:39,Out,-2,29,19,8
4,FFT,SAN,DEN,18:40,In,-3,15,20,4
4,FFT,DEN,ANC,18:42,Out,-2,32,34,9
4,FFT,MDT,DEN,18:43,In,-3,2,18,0
4,FFT,SFO,DEN,18:44,In,-4,17,34,6
4,FFT,DEN,MKE,18:45,Out,-3,45,42,4
4,FFT,DEN,STL,19:02,Out,-2,2,0,0
4,FFT,DEN,DAY,19:08,Out,-1,8,6,0
4,FFT,MKE,DEN,19:10,In,-2,500,511,500
4,FFT,OKC,DEN,19:13,In,-3,19,30,5
4,FFT,DEN,SAN,19:15,Out,-2,70,65,3
4,FFT,SBA,DEN,19:15,In,-3,41,51,0
4,FFT,DEN,LAS,19:17,Out,-2,52,49,1
4,FFT,DEN,IND,19:18,Out,-1,13,4,0
4,FFT,OMA,DEN,19:20,In,-2,0,6,0
4,FFT,DEN,BNA,19:25,Out,-1,15,17,0
4,FFT,DEN,CAK,19:27,Out,0,22,10,0
4,FFT,DEN,MDW,19:29,Out,1,30,24,5
4,FFT,DEN,GRR,19:31,Out,2,6,0,0
4,FFT,DEN,MCI,19:34,Out,3,14,12,0
4,FFT,CID,DEN,19:34,In,2,3,0,0
4,FFT,DEN,RFD,19:35,Out,3,35,23,0
4,FFT,LAX,DEN,19:36,In,2,82,80,0
4,FFT,DEN,DSM,19:42,Out,3,27,18,0
4,FFT,DEN,AUS,19:53,Out,4,28,21,0
4,FFT,ATL,DEN,19:57,In,3,0,0,0
4,FFT,MCO,DEN,19:57,In,2,72,67,5
4,FFT,IAH,DEN,20:10,In,1,0,0,0
4,FFT,DEN,OMA,20:12,Out,2,22,20,0
4,FFT,AUS,DEN,20:15,In,1,0,0,0
4,FFT,LIT,DEN,20:21,In,0,28,15,0
4,FFT,DEN,MSN,20:22,Out,1,67,61,0
4,FFT,MSP,DEN,20:27,In,0,9,15,0
4,FFT,PHF,DEN,20:27,In,-1,51,72,2
4,FFT,MDW,DEN,20:30,In,-2,3,0,0
4,FFT,DCA,DEN,20:42,In,-3,13,44,13
4,FFT,DEN,ATL,20:43,Out,-2,98,102,19
4,FFT,DEN,MCI,20:44,Out,-1,180,172,0
4,FFT,PHX,DEN,20:46,In,-2,0,4,0
4,FFT,IND,DEN,20:47,In,-3,14,12,0
4,FFT,MKE,DEN,20:47,In,-4,17,19,9
4,FFT,DFW,DEN,21:01,In,-5,36,38,0
4,FFT,DEN,MKE,21:08,Out,-4,73,63,1
4,FFT,DEN,PDX,21:11,Out,-3,0,0,0
4,FFT,DEN,SNA,21:16,Out,-2,6,2,0
4,FFT,DEN,DFW,21:16,Out,-1,61,54,0
4,FFT,LAS,DEN,21:23,In,-2,38,39,0
4,FFT,DEN,DTW,21:24,Out,-1,139,128,0
4,FFT,DEN,SLC,21:29,Out,0,0,0,0
4,FFT,DTW,DEN,21:31,In,-1,71,92,0
4,FFT,DEN,GEG,21:36,Out,0,11,10,0
4,FFT,SLC,DEN,21:38,In,-1,8,5,0
4,FFT,LGA,DEN,21:39,In,-2,90,108,7
4,FFT,DEN,SEA,21:41,Out,-1,26,25,13
4,FFT,DEN,SFO,21:41,Out,0,21,13,0
4,FFT,DEN,LAS,21:47,Out,1,17,14,0
4,FFT,DEN,SAN,21:58,Out,2,48,49,17
4,FFT,DEN,LAX,22:02,Out,3,37,44,0
4,FFT,DEN,SMF,22:10,Out,4,50,48,0
4,FFT,DEN,PHX,22:11,Out,5,56,60,0
4,FFT,DEN,MSP,22:22,Out,6,167,149,0
4,FFT,PDX,DEN,22:33,In,5,20,21,0
4,FFT,SFO,DEN,22:49,In,4,29,36,0
4,FFT,SNA,DEN,23:01,In,3,0,0,0
4,FFT,LAX,DEN,23:24,In,2,8,5,0
4,FFT,SEA,DEN,23:39,In,1,90,77,0
5,JBU,BOS,DEN,0:03,In,0,16,19,9
5,JBU,DEN,JFK,0:59,Out,1,4,8,0
5,JBU,BOS,DEN,12:44,In,0,75,101,75
5,JBU,DEN,BOS,13:31,Out,1,96,72,0
5,JBU,JFK,DEN,21:58,In,0,0,0,0
5,JBU,DEN,BOS,23:06,Out,1,0,0,0
6,NKS,DEN,FLL,1:22,Out,1,36,13,0
6,NKS,DFW,DEN,7:00,In,0,0,11,0
6,NKS,DEN,DFW,7:32,Out,1,2,19,0
6,NKS,LAS,DEN,10:56,In,0,4,0,0
6,NKS,DEN,LAS,11:41,Out,1,0,0,0
6,NKS,ORD,DEN,15:04,In,0,141,144,0
6,NKS,DEN,ORD,15:43,Out,1,138,137,0
6,NKS,DFW,DEN,17:45,In,0,0,10,0
6,NKS,DEN,LAS,18:20,Out,1,5,3,0
6,NKS,LAS,DEN,19:52,In,0,0,0,0
6,NKS,DEN,DFW,20:37,Out,1,0,0,0
6,NKS,FLL,DEN,23:43,In,0,0,0,0
7,SWA,DEN,ATL,5:58,Out,10,0,0,0
7,SWA,DEN,BWI,6:05,Out,11,0,0,0
7,SWA,DEN,LAS,6:06,Out,12,0,0,0
7,SWA,DEN,MDW,6:07,Out,13,7,28,7
7,SWA,DEN,HOU,6:09,Out,14,0,0,0
7,SWA,DEN,BNA,6:33,Out,15,0,0,0
7,SWA,DEN,LAS,7:01,Out,16,0,0,0
7,SWA,MSP,DEN,7:07,In,15,1,0,0
7,SWA,OKC,DEN,7:07,In,14,0,2,0
7,SWA,ATL,DEN,7:22,In,13,0,0,0
7,SWA,DEN,SLC,7:33,Out,14,0,0,0
7,SWA,MCI,DEN,7:33,In,13,1,0,0
7,SWA,BOI,DEN,7:36,In,12,0,0,0
7,SWA,MDW,DEN,7:37,In,11,0,2,0
7,SWA,DEN,LAX,7:41,Out,12,1,0,0
7,SWA,STL,DEN,7:49,In,11,0,0,0
7,SWA,IND,DEN,7:50,In,10,6,0,0
7,SWA,OMA,DEN,7:50,In,9,2,0,0
7,SWA,CMH,DEN,7:52,In,8,0,2,0
7,SWA,DTW,DEN,7:53,In,7,1,3,0
7,SWA,SLC,DEN,7:53,In,6,0,0,0
7,SWA,PIT,DEN,8:07,In,5,1,7,0
7,SWA,PHL,DEN,8:12,In,4,2,0,0
7,SWA,DEN,PHX,8:14,Out,5,4,2,0
7,SWA,ABQ,DEN,8:19,In,4,0,0,0
7,SWA,DEN,MCO,8:21,Out,5,11,0,0
7,SWA,DEN,MDW,8:21,Out,6,106,100,0
7,SWA,DEN,MDW,8:22,Out,7,42,23,22
7,SWA,BNA,DEN,8:27,In,6,1,7,0
7,SWA,DEN,OAK,8:27,Out,7,2,1,0
7,SWA,DEN,SMF,8:29,Out,8,4,0,0
7,SWA,DEN,ONT,8:31,Out,9,6,6,0
7,SWA,DEN,PDX,8:33,Out,10,8,0,0
7,SWA,DEN,SAN,8:34,Out,11,4,0,0
7,SWA,DEN,BUR,8:37,Out,12,12,10,0
7,SWA,PHX,DEN,8:39,In,11,0,0,0
7,SWA,MHT,DEN,8:44,In,10,0,0,0
7,SWA,DEN,LAS,8:46,Out,11,1,0,0
7,SWA,DEN,SEA,8:51,Out,12,21,7,0
7,SWA,HOU,DEN,8:54,In,11,1,9,0
7,SWA,DEN,BOI,8:55,Out,12,0,0,0
7,SWA,DEN,ABQ,8:58,Out,13,0,0,0
7,SWA,DEN,SNA,9:00,Out,14,0,0,0
7,SWA,MSP,DEN,9:04,In,13,0,0,0
7,SWA,DEN,PHX,9:11,Out,14,1,0,0
7,SWA,DEN,MCI,9:13,Out,15,73,70,70
7,SWA,SFO,DEN,9:18,In,14,0,0,0
7,SWA,LAX,DEN,9:19,In,13,13,0,0
7,SWA,PVD,DEN,9:20,In,12,2,10,0
7,SWA,RNO,DEN,9:21,In,11,1,0,0
7,SWA,GEG,DEN,9:23,In,10,0,0,0
7,SWA,DEN,MKE,9:28,Out,11,13,0,0
7,SWA,DEN,SJC,9:28,Out,12,8,2,0
7,SWA,SEA,DEN,9:28,In,11,1,0,0
7,SWA,ONT,DEN,9:30,In,10,0,0,0
7,SWA,DEN,STL,9:31,Out,11,1,0,0
7,SWA,SMF,DEN,9:31,In,10,4,0,0
7,SWA,OAK,DEN,9:32,In,9,3,0,0
7,SWA,LAS,DEN,9:42,In,8,4,0,0
7,SWA,MDW,DEN,9:42,In,7,0,17,0
7,SWA,PDX,DEN,9:42,In,6,17,7,0
7,SWA,TUL,DEN,9:45,In,5,0,0,0
7,SWA,DEN,MDW,9:53,Out,6,13,7,0
7,SWA,DEN,PHX,9:55,Out,7,5,0,0
7,SWA,SJC,DEN,10:02,In,6,2,0,0
7,SWA,DEN,BWI,10:04,Out,7,0,6,0
7,SWA,DEN,AMA,10:13,Out,8,0,0,0
7,SWA,LGA,DEN,10:14,In,7,5,19,0
7,SWA,DEN,DTW,10:15,Out,8,0,4,0
7,SWA,DEN,IAD,10:15,Out,9,10,9,0
7,SWA,DEN,IND,10:16,Out,10,1,0,0
7,SWA,DEN,OMA,10:16,Out,11,1,4,0
7,SWA,ABQ,DEN,10:18,In,10,0,0,0
7,SWA,DEN,SFO,10:19,Out,11,114,107,0
7,SWA,DEN,MSP,10:20,Out,12,5,0,0
7,SWA,DEN,BOS,10:23,Out,13,0,0,0
7,SWA,DEN,FLL,10:24,Out,14,19,30,2
7,SWA,BWI,DEN,10:28,In,13,8,13,0
7,SWA,DEN,MSY,10:28,Out,14,13,16,13
7,SWA,DEN,PHL,10:30,Out,15,10,0,0
7,SWA,SAN,DEN,10:32,In,14,0,0,0
7,SWA,SNA,DEN,10:38,In,13,1,0,0
7,SWA,DEN,EWR,10:45,Out,14,15,19,15
7,SWA,PHX,DEN,10:45,In,13,1,0,0
7,SWA,EWR,DEN,10:47,In,12,35,62,0
7,SWA,MCI,DEN,10:50,In,11,2,0,0
7,SWA,DEN,TUL,10:53,Out,12,28,25,8
7,SWA,DEN,DAY,10:57,Out,13,0,0,0
7,SWA,DEN,BNA,10:58,Out,14,18,11,0
7,SWA,SAT,DEN,11:05,In,13,1,0,0
7,SWA,BOS,DEN,11:07,In,12,0,0,0
7,SWA,AMA,DEN,11:08,In,11,0,0,0
7,SWA,AUS,DEN,11:09,In,10,0,0,0
7,SWA,DEN,SLC,11:09,Out,11,9,0,0
7,SWA,SLC,DEN,11:09,In,10,0,0,0
7,SWA,DEN,HOU,11:10,Out,11,0,0,0
7,SWA,DEN,LGA,11:15,Out,12,0,0,0
7,SWA,LAS,DEN,11:19,In,11,0,0,0
7,SWA,JAX,DEN,11:24,In,10,0,0,0
7,SWA,DEN,LAX,11:27,Out,11,67,56,4
7,SWA,TPA,DEN,11:27,In,10,0,2,0
7,SWA,DEN,MCI,11:31,Out,11,1,0,0
7,SWA,DEN,TPA,11:32,Out,12,2,2,0
7,SWA,MSY,DEN,11:32,In,11,0,7,0
7,SWA,BUR,DEN,11:33,In,10,0,0,0
7,SWA,DEN,AUS,11:41,Out,11,6,0,0
7,SWA,FLL,DEN,11:41,In,10,2,16,0
7,SWA,PHX,DEN,11:43,In,9,0,0,0
7,SWA,DEN,LAS,11:49,Out,10,9,4,0
7,SWA,DEN,GEG,11:56,Out,11,11,0,0
7,SWA,DEN,ATL,11:57,Out,12,17,7,0
7,SWA,DEN,RDU,11:59,Out,13,4,1,0
7,SWA,MDW,DEN,12:01,In,12,15,91,0
7,SWA,SAN,DEN,12:08,In,11,10,0,0
7,SWA,DEN,OAK,12:09,Out,12,9,0,0
7,SWA,DEN,LAX,12:10,Out,13,0,4,0
7,SWA,DEN,RNO,12:10,Out,14,5,1,0
7,SWA,DEN,SJC,12:11,Out,15,6,0,0
7,SWA,DEN,OKC,12:14,Out,16,4,0,0
7,SWA,LAX,DEN,12:18,In,15,11,3,0
7,SWA,LAS,DEN,12:26,In,14,3,0,0
7,SWA,MCO,DEN,12:26,In,13,65,61,61
7,SWA,DEN,PDX,12:30,Out,14,25,17,16
7,SWA,DEN,SAT,12:30,Out,15,0,0,0
7,SWA,TUS,DEN,12:34,In,14,2,9,0
7,SWA,PHX,DEN,12:37,In,13,0,0,0
7,SWA,DEN,SAN,12:40,Out,14,90,83,0
7,SWA,DEN,SLC,12:47,Out,15,42,29,18
7,SWA,SLC,DEN,12:50,In,14,6,0,0
7,SWA,OKC,DEN,12:53,In,13,0,13,0
7,SWA,DEN,MDW,12:54,Out,14,9,0,0
7,SWA,DEN,SMF,13:01,Out,15,56,40,0
7,SWA,DEN,PHL,13:05,Out,16,0,0,0
7,SWA,DEN,MSP,13:07,Out,17,17,0,0
7,SWA,TUL,DEN,13:13,In,16,0,0,0
7,SWA,DEN,HOU,13:23,Out,17,0,0,0
7,SWA,LAS,DEN,13:24,In,16,9,0,0
7,SWA,DEN,SNA,13:29,Out,17,9,0,0
7,SWA,PDX,DEN,13:32,In,16,0,0,0
7,SWA,HOU,DEN,13:38,In,15,6,0,0
7,SWA,BNA,DEN,13:49,In,14,31,24,24
7,SWA,OAK,DEN,13:49,In,13,1,0,0
7,SWA,PHL,DEN,13:54,In,12,0,0,0
7,SWA,SNA,DEN,13:54,In,11,5,0,0
7,SWA,CAK,DEN,14:02,In,10,80,77,0
7,SWA,MDW,DEN,14:04,In,9,141,134,0
7,SWA,SJC,DEN,14:07,In,8,0,0,0
7,SWA,LAX,DEN,14:18,In,7,3,3,0
7,SWA,DEN,ABQ,14:19,Out,8,0,0,0
7,SWA,DEN,PHX,14:22,Out,9,22,18,18
7,SWA,DEN,SFO,14:22,Out,10,7,0,0
7,SWA,DEN,LAS,14:24,Out,11,4,0,0
7,SWA,SEA,DEN,14:30,In,10,7,0,0
7,SWA,IND,DEN,14:39,In,9,24,34,5
7,SWA,PHX,DEN,14:42,In,8,2,12,0
7,SWA,DEN,CAK,14:44,Out,9,84,73,6
7,SWA,EWR,DEN,14:46,In,8,13,11,0
7,SWA,DEN,TUS,14:47,Out,9,147,139,12
7,SWA,DEN,LAX,14:49,Out,10,49,53,25
7,SWA,BOI,DEN,14:51,In,9,0,0,0
7,SWA,BDL,DEN,14:54,In,8,5,14,0
7,SWA,MKE,DEN,14:54,In,7,0,19,0
7,SWA,DEN,SLC,14:57,Out,8,22,18,18
7,SWA,LAX,DEN,14:57,In,7,79,92,77
7,SWA,BWI,DEN,15:00,In,6,51,55,3
7,SWA,DEN,AMA,15:02,Out,7,7,0,0
7,SWA,SLC,DEN,15:03,In,6,0,8,0
7,SWA,MSP,DEN,15:08,In,5,0,3,0
7,SWA,SFO,DEN,15:10,In,4,73,80,0
7,SWA,DEN,AUS,15:13,Out,5,43,27,27
7,SWA,STL,DEN,15:17,In,4,161,152,0
7,SWA,DEN,PDX,15:20,Out,5,45,41,10
7,SWA,DEN,MSY,15:22,Out,6,27,14,0
7,SWA,SAT,DEN,15:24,In,5,32,24,5
7,SWA,DEN,MSP,15:27,Out,6,2,0,0
7,SWA,OMA,DEN,15:27,In,5,37,47,4
7,SWA,MCI,DEN,15:28,In,4,9,3,0
7,SWA,DEN,STL,15:31,Out,5,26,19,10
7,SWA,DEN,MKE,15:36,Out,6,26,9,0
7,SWA,DEN,TUL,15:36,Out,7,91,87,0
7,SWA,DEN,OMA,15:41,Out,8,76,66,0
7,SWA,DEN,SAN,15:41,Out,9,66,56,9
7,SWA,PDX,DEN,15:43,In,8,0,0,0
7,SWA,DEN,BWI,15:48,Out,9,8,0,0
7,SWA,DEN,LAS,15:48,Out,10,3,14,0
7,SWA,LAS,DEN,15:48,In,9,5,3,0
7,SWA,MDW,DEN,15:48,In,8,32,33,0
7,SWA,DEN,BNA,15:50,Out,9,70,67,67
7,SWA,MCO,DEN,15:54,In,8,4,14,0
7,SWA,DEN,SEA,15:57,Out,9,152,141,0
7,SWA,HOU,DEN,15:58,In,8,5,0,0
7,SWA,SEA,DEN,15:58,In,7,2,0,0
7,SWA,DEN,MCO,16:05,Out,8,40,25,0
7,SWA,DEN,SNA,16:06,Out,9,11,0,0
7,SWA,DEN,MCI,16:08,Out,10,8,0,0
7,SWA,ATL,DEN,16:10,In,9,0,0,0
7,SWA,DEN,LAX,16:12,Out,10,42,28,12
7,SWA,LGA,DEN,16:18,In,9,55,48,8
7,SWA,SNA,DEN,16:20,In,8,3,15,0
7,SWA,BNA,DEN,16:21,In,7,13,0,0
7,SWA,PHX,DEN,16:23,In,6,8,0,0
7,SWA,DEN,OAK,16:25,Out,7,10,0,0
7,SWA,DEN,PHX,16:28,Out,8,38,31,4
7,SWA,SMF,DEN,16:38,In,7,5,0,0
7,SWA,DEN,LAS,16:39,Out,8,0,4,0
7,SWA,DEN,OKC,16:41,Out,9,16,9,0
7,SWA,SAN,DEN,16:45,In,8,20,20,0
7,SWA,DEN,ATL,16:48,Out,9,0,0,0
7,SWA,RNO,DEN,16:50,In,8,6,5,0
7,SWA,AMA,DEN,16:51,In,7,1,0,0
7,SWA,GEG,DEN,16:52,In,6,3,7,0
7,SWA,DEN,SFO,16:56,Out,7,1,0,0
7,SWA,DEN,SEA,17:00,Out,8,60,48,10
7,SWA,DEN,LGA,17:01,Out,9,16,0,0
7,SWA,SLC,DEN,17:01,In,8,3,16,0
7,SWA,DAY,DEN,17:05,In,7,0,0,0
7,SWA,SJC,DEN,17:06,In,6,4,21,0
7,SWA,DEN,MDW,17:07,Out,7,42,33,22
7,SWA,DEN,HOU,17:26,Out,8,51,42,42
7,SWA,AUS,DEN,17:30,In,7,4,5,0
7,SWA,DEN,JAX,17:32,Out,8,7,5,0
7,SWA,DEN,SLC,17:37,Out,9,2,0,0
7,SWA,MKE,DEN,17:37,In,8,0,2,0
7,SWA,OAK,DEN,17:39,In,7,4,0,0
7,SWA,OAK,DEN,17:48,In,6,33,63,22
7,SWA,DEN,PVD,17:59,Out,7,49,32,32
7,SWA,PDX,DEN,17:59,In,6,29,14,0
7,SWA,DEN,FLL,18:01,Out,7,36,27,15
7,SWA,DEN,MDW,18:02,Out,8,37,35,16
7,SWA,DEN,MCO,18:03,Out,9,38,32,32
7,SWA,DEN,TPA,18:04,Out,10,39,34,28
7,SWA,DEN,CMH,18:05,Out,11,40,39,19
7,SWA,SFO,DEN,18:05,In,10,0,0,0
7,SWA,BUR,DEN,18:10,In,9,0,5,0
7,SWA,SLC,DEN,18:10,In,8,2,5,0
7,SWA,ABQ,DEN,18:11,In,7,0,6,0
7,SWA,RDU,DEN,18:12,In,6,0,2,0
7,SWA,DEN,IAD,18:13,Out,7,18,9,0
7,SWA,SAN,DEN,18:26,In,6,15,21,14
7,SWA,IAD,DEN,18:30,In,5,18,20,9
7,SWA,DEN,BDL,18:32,Out,6,62,42,0
7,SWA,ONT,DEN,18:34,In,5,26,29,0
7,SWA,LAX,DEN,18:45,In,4,22,40,16
7,SWA,SEA,DEN,18:52,In,3,36,47,0
7,SWA,BOS,DEN,18:57,In,2,96,107,7
7,SWA,DEN,MCI,18:57,Out,3,12,6,0
7,SWA,TUS,DEN,18:57,In,2,143,147,4
7,SWA,BWI,DEN,18:58,In,1,66,73,8
7,SWA,ATL,DEN,19:00,In,0,32,40,25
7,SWA,TUL,DEN,19:06,In,-1,2,21,0
7,SWA,DEN,BOS,19:08,Out,0,38,21,20
7,SWA,DEN,STL,19:11,Out,1,26,24,19
7,SWA,OKC,DEN,19:15,In,0,1,20,0
7,SWA,DEN,OMA,19:17,Out,1,32,29,24
7,SWA,DEN,DTW,19:18,Out,2,33,21,2
7,SWA,DEN,PHL,19:18,Out,3,28,16,16
7,SWA,DEN,MKE,19:19,Out,4,34,14,0
7,SWA,FLL,DEN,19:23,In,3,0,8,0
7,SWA,DEN,IND,19:26,Out,4,36,26,0
7,SWA,STL,DEN,19:29,In,3,123,139,0
7,SWA,LAS,DEN,19:30,In,2,17,5,0
7,SWA,DEN,SAN,19:32,Out,3,152,140,5
7,SWA,PHL,DEN,19:33,In,2,26,13,0
7,SWA,DEN,BWI,19:35,Out,3,60,55,55
7,SWA,DEN,SAT,19:35,Out,4,110,104,3
7,SWA,MDW,DEN,19:37,In,3,0,12,0
7,SWA,DEN,LAX,19:38,Out,4,78,60,4
7,SWA,EWR,DEN,19:41,In,3,17,31,0
7,SWA,PHX,DEN,19:42,In,2,26,62,22
7,SWA,DEN,SJC,19:44,Out,3,29,15,4
7,SWA,DEN,LAS,19:45,Out,4,55,40,38
7,SWA,DTW,DEN,19:48,In,3,0,0,0
7,SWA,TPA,DEN,19:50,In,2,18,35,0
7,SWA,LAX,DEN,19:51,In,1,28,16,10
7,SWA,MCI,DEN,19:52,In,0,13,2,0
7,SWA,SMF,DEN,19:52,In,-1,18,12,0
7,SWA,DEN,EWR,19:53,Out,0,83,65,54
7,SWA,IND,DEN,19:53,In,-1,6,3,0
7,SWA,DEN,ATL,19:57,Out,0,32,30,11
7,SWA,MSP,DEN,20:01,In,-1,0,0,0
7,SWA,MSY,DEN,20:03,In,-2,2,3,0
7,SWA,DEN,PDX,20:07,Out,-1,72,64,46
7,SWA,DEN,MSP,20:09,Out,0,4,2,0
7,SWA,BNA,DEN,20:17,In,-1,26,27,13
7,SWA,DEN,MDW,20:17,Out,0,62,51,0
7,SWA,DEN,MCI,20:19,Out,1,14,8,0
7,SWA,DEN,MDW,20:23,Out,2,13,5,0
7,SWA,DEN,BUR,20:25,Out,3,40,26,3
7,SWA,DEN,AUS,20:26,Out,4,16,9,0
7,SWA,AUS,DEN,20:33,In,3,53,38,3
7,SWA,STL,DEN,20:33,In,2,47,43,26
7,SWA,DEN,TUL,20:34,Out,3,14,13,0
7,SWA,MKE,DEN,20:34,In,2,6,4,0
7,SWA,MCO,DEN,20:45,In,1,62,50,2
7,SWA,DEN,SLC,20:48,Out,2,23,16,15
7,SWA,DEN,SNA,20:50,Out,3,30,19,16
7,SWA,OMA,DEN,20:55,In,2,34,25,4
7,SWA,MDW,DEN,20:57,In,1,181,167,85
7,SWA,LAS,DEN,20:59,In,0,27,9,0
7,SWA,DEN,OAK,21:04,Out,1,29,22,20
7,SWA,DEN,RNO,21:06,Out,2,41,30,0
7,SWA,DEN,LAX,21:09,Out,3,39,33,30
7,SWA,DEN,ONT,21:10,Out,4,45,40,40
7,SWA,DEN,SEA,21:10,Out,5,45,43,17
7,SWA,DEN,SAN,21:12,Out,6,47,38,7
7,SWA,MDW,DEN,21:12,In,5,19,17,12
7,SWA,MDW,DEN,21:15,In,4,58,50,50
7,SWA,MCI,DEN,21:19,In,3,152,144,0
7,SWA,DEN,SMF,21:20,Out,4,15,3,0
7,SWA,DEN,ABQ,21:30,Out,5,65,56,13
7,SWA,BWI,DEN,21:32,In,4,22,12,0
7,SWA,LAS,DEN,21:35,In,3,2,0,0
7,SWA,DEN,BOI,21:40,Out,4,35,32,9
7,SWA,HOU,DEN,21:43,In,3,21,13,0
7,SWA,DEN,SFO,21:47,Out,4,22,11,0
7,SWA,SNA,DEN,21:50,In,3,31,25,9
7,SWA,DEN,LAS,21:56,Out,4,51,46,1
7,SWA,DEN,PHX,22:04,Out,5,9,2,0
7,SWA,SAN,DEN,22:12,In,4,63,62,0
7,SWA,LAX,DEN,22:23,In,3,17,13,0
7,SWA,LAS,DEN,22:26,In,2,15,6,0
7,SWA,PHX,DEN,22:39,In,1,20,24,1
7,SWA,SJC,DEN,22:42,In,0,45,42,0
7,SWA,SFO,DEN,22:46,In,-1,115,111,0
7,SWA,PHX,DEN,22:49,In,-2,137,139,4
7,SWA,ATL,DEN,22:56,In,-3,12,28,12
7,SWA,DEN,GEG,22:57,Out,-2,77,77,15
7,SWA,DEN,TUS,23:09,Out,-1,104,100,0
7,SWA,DEN,PHX,23:14,Out,0,129,128,0
8,UAL,SAN,DEN,0:04,In,0,328,329,0
8,UAL,SEA,DEN,0:17,In,0,339,320,13
8,UAL,PDX,DEN,0:42,In,0,226,216,20
8,UAL,ORD,DEN,1:02,In,0,45,34,34
8,UAL,DEN,IAH,1:04,Out,1,312,298,0
8,UAL,DEN,SEA,1:31,Out,2,210,201,0
8,UAL,DEN,IAH,5:41,Out,3,0,0,0
8,UAL,DEN,ORD,5:41,Out,4,0,13,0
8,UAL,DEN,EWR,5:49,Out,5,1,18,0
8,UAL,DEN,SFO,5:51,Out,6,0,0,0
8,UAL,DEN,IAD,6:10,Out,7,0,4,0
8,UAL,COS,DEN,6:40,In,6,0,0,0
8,UAL,DSM,DEN,6:42,In,5,0,0,0
8,UAL,LNK,DEN,6:43,In,4,0,0,0
8,UAL,RAP,DEN,6:46,In,3,0,0,0
8,UAL,OMA,DEN,6:47,In,2,0,0,0
8,UAL,OKC,DEN,6:47,In,1,0,0,0
8,UAL,CPR,DEN,6:50,In,0,0,0,0
8,UAL,STL,DEN,6:52,In,-1,0,0,0
8,UAL,COS,DEN,6:53,In,-2,0,0,0
8,UAL,MOT,DEN,6:54,In,-3,0,0,0
8,UAL,DFW,DEN,6:54,In,-4,0,0,0
8,UAL,BIS,DEN,6:56,In,-5,0,0,0
8,UAL,ICT,DEN,6:57,In,-6,0,0,0
8,UAL,AMA,DEN,6:58,In,-7,0,0,0
8,UAL,DEN,IAH,6:59,Out,-6,0,0,0
8,UAL,FSD,DEN,7:01,In,-7,0,0,0
8,UAL,GJT,DEN,7:01,In,-8,0,0,0
8,UAL,CMH,DEN,7:01,In,-9,0,0,0
8,UAL,DAY,DEN,7:03,In,-10,0,0,0
8,UAL,DEN,MCI,7:03,Out,-9,3,4,0
8,UAL,HDN,DEN,7:04,In,-10,0,0,0
8,UAL,BIL,DEN,7:07,In,-11,0,0,0
8,UAL,FAR,DEN,7:11,In,-12,2,0,0
8,UAL,MCI,DEN,7:13,In,-13,0,0,0
8,UAL,ABQ,DEN,7:14,In,-14,0,0,0
8,UAL,IDA,DEN,7:17,In,-15,0,0,0
8,UAL,IAH,DEN,7:22,In,-16,0,18,0
8,UAL,FSD,DEN,7:23,In,-17,0,0,0
8,UAL,FAI,DEN,7:23,In,-18,37,11,0
8,UAL,ORD,DEN,7:25,In,-19,0,5,0
8,UAL,MTJ,DEN,7:26,In,-20,0,0,0
8,UAL,MAF,DEN,7:28,In,-21,0,2,0
8,UAL,GTF,DEN,7:29,In,-22,0,0,0
8,UAL,TUL,DEN,7:30,In,-23,14,23,0
8,UAL,COD,DEN,7:30,In,-24,2,0,0
8,UAL,ICT,DEN,7:35,In,-25,6,6,0
8,UAL,ANC,DEN,7:35,In,-26,36,33,10
8,UAL,DEN,TUL,7:36,Out,-25,0,0,0
8,UAL,FSD,DEN,7:37,In,-26,1,2,0
8,UAL,MSO,DEN,7:37,In,-27,0,0,0
8,UAL,RAP,DEN,7:45,In,-28,0,0,0
8,UAL,COS,DEN,7:45,In,-29,6,8,0
8,UAL,DEN,BOS,7:45,Out,-28,0,0,0
8,UAL,ASE,DEN,7:46,In,-29,0,0,0
8,UAL,HNL,DEN,7:48,In,-30,7,4,0
8,UAL,DEN,PDX,7:49,Out,-29,0,0,0
8,UAL,DEN,IDA,7:52,Out,-28,0,0,0
8,UAL,DRO,DEN,7:54,In,-29,0,0,0
8,UAL,DEN,RAP,7:55,Out,-28,17,6,0
8,UAL,DEN,BZN,7:55,Out,-27,0,0,0
8,UAL,DEN,MFR,7:55,Out,-26,0,0,0
8,UAL,DEN,JAC,7:56,Out,-25,0,0,0
8,UAL,DEN,DFW,7:56,Out,-24,0,12,0
8,UAL,DEN,LAS,7:56,Out,-23,0,0,0
8,UAL,DEN,MCI,7:56,Out,-22,1,0,0
8,UAL,DEN,MCO,7:57,Out,-21,6,0,0
8,UAL,DEN,OKC,7:59,Out,-20,3,0,0
8,UAL,DEN,FAT,7:59,Out,-19,4,0,0
8,UAL,DEN,GJT,7:59,Out,-18,0,0,0
8,UAL,DEN,CPR,8:01,Out,-17,0,0,0
8,UAL,DEN,MSO,8:01,Out,-16,14,15,14
8,UAL,DEN,SAT,8:04,Out,-15,0,0,0
8,UAL,DEN,ICT,8:05,Out,-14,0,0,0
8,UAL,DEN,COS,8:05,Out,-13,0,0,0
8,UAL,DEN,SBA,8:09,Out,-12,9,0,0
8,UAL,DEN,BIS,8:12,Out,-11,0,0,0
8,UAL,DEN,COS,8:12,Out,-10,29,27,27
8,UAL,DEN,ABQ,8:14,Out,-9,12,9,0
8,UAL,DEN,STL,8:16,Out,-8,0,0,0
8,UAL,DEN,HDN,8:20,Out,-7,0,0,0
8,UAL,DEN,EWR,8:21,Out,-6,4,21,0
8,UAL,DEN,IAD,8:22,Out,-5,0,0,0
8,UAL,ELP,DEN,8:23,In,-6,0,0,0
8,UAL,DEN,EUG,8:23,Out,-5,0,0,0
8,UAL,HLN,DEN,8:23,In,-6,0,0,0
8,UAL,LAS,DEN,8:23,In,-7,0,0,0
8,UAL,IAD,DEN,8:23,In,-8,50,40,40
8,UAL,DEN,ASE,8:24,Out,-7,2,2,0
8,UAL,DEN,BWI,8:24,Out,-6,0,3,0
8,UAL,DEN,LAX,8:25,Out,-5,0,0,0
8,UAL,DEN,LGA,8:25,Out,-4,0,13,0
8,UAL,ASE,DEN,8:27,In,-5,0,0,0
8,UAL,DEN,SAN,8:28,Out,-4,33,31,3
8,UAL,GCC,DEN,8:29,In,-5,0,0,0
8,UAL,TUS,DEN,8:30,In,-6,1,0,0
8,UAL,BOI,DEN,8:39,In,-7,0,0,0
8,UAL,PSC,DEN,8:40,In,-8,0,0,0
8,UAL,BDN,DEN,8:41,In,-9,0,0,0
8,UAL,FCA,DEN,8:42,In,-10,0,0,0
8,UAL,DEN,IAH,8:43,Out,-9,2,7,0
8,UAL,PHX,DEN,8:43,In,-10,0,0,0
8,UAL,MRY,DEN,8:44,In,-11,0,0,0
8,UAL,DEN,BIL,8:45,Out,-10,0,0,0
8,UAL,DEN,ORD,8:45,Out,-9,0,0,0
8,UAL,IAH,DEN,8:47,In,-10,0,0,0
8,UAL,PSP,DEN,8:48,In,-11,0,0,0
8,UAL,LBB,DEN,8:49,In,-12,0,0,0
8,UAL,SEA,DEN,8:49,In,-13,7,0,0
8,UAL,TVC,DEN,8:50,In,-14,5,0,0
8,UAL,STL,DEN,8:50,In,-15,0,1,0
8,UAL,DEN,BOI,8:50,Out,-14,21,14,0
8,UAL,PDX,DEN,8:51,In,-15,7,0,0
8,UAL,RNO,DEN,8:51,In,-16,0,0,0
8,UAL,ONT,DEN,8:52,In,-17,0,0,0
8,UAL,DEN,SNA,8:53,Out,-16,0,0,0
8,UAL,JAC,DEN,8:54,In,-17,0,0,0
8,UAL,SGF,DEN,8:55,In,-18,0,0,0
8,UAL,TYS,DEN,8:57,In,-19,0,0,0
8,UAL,FAT,DEN,8:57,In,-20,0,0,0
8,UAL,DEN,RKS,8:58,Out,-19,0,0,0
8,UAL,MSP,DEN,9:01,In,-20,125,123,123
8,UAL,RKS,DEN,9:02,In,-21,0,0,0
8,UAL,EUG,DEN,9:03,In,-22,0,0,0
8,UAL,MFR,DEN,9:03,In,-23,0,0,0
8,UAL,LIT,DEN,9:04,In,-24,0,0,0
8,UAL,DEN,CMH,9:05,Out,-23,0,1,0
8,UAL,SMF,DEN,9:05,In,-24,4,5,0
8,UAL,DEN,SMF,9:06,Out,-23,0,0,0
8,UAL,GEG,DEN,9:06,In,-24,0,0,0
8,UAL,MSN,DEN,9:07,In,-25,0,0,0
8,UAL,SAT,DEN,9:08,In,-26,0,0,0
8,UAL,MCI,DEN,9:11,In,-27,0,0,0
8,UAL,HSV,DEN,9:12,In,-28,0,0,0
8,UAL,MSP,DEN,9:12,In,-29,0,0,0
8,UAL,OMA,DEN,9:13,In,-30,0,0,0
8,UAL,SBA,DEN,9:14,In,-31,1,11,0
8,UAL,DEN,HNL,9:15,Out,-30,0,0,0
8,UAL,BNA,DEN,9:16,In,-31,10,6,0
8,UAL,DEN,SFO,9:16,Out,-30,61,50,0
8,UAL,DEN,GUC,9:18,Out,-29,0,0,0
8,UAL,COS,DEN,9:19,In,-30,0,0,0
8,UAL,DEN,PHX,9:19,Out,-29,0,0,0
8,UAL,LAX,DEN,9:21,In,-30,6,7,0
8,UAL,DEN,MSP,9:22,Out,-29,4,6,0
8,UAL,DFW,DEN,9:25,In,-30,0,0,0
8,UAL,PIT,DEN,9:28,In,-31,1,10,0
8,UAL,BFL,DEN,9:28,In,-32,0,8,0
8,UAL,MEM,DEN,9:32,In,-33,0,2,0
8,UAL,AUS,DEN,9:33,In,-34,1,1,0
8,UAL,DEN,SFO,9:34,Out,-33,94,105,0
8,UAL,DEN,FAR,9:36,Out,-32,0,11,0
8,UAL,IND,DEN,9:36,In,-33,28,26,0
8,UAL,SFO,DEN,9:36,In,-34,0,0,0
8,UAL,DEN,LNK,9:38,Out,-33,0,0,0
8,UAL,DEN,SJC,9:42,Out,-32,43,33,33
8,UAL,LGA,DEN,9:43,In,-33,3,25,0
8,UAL,SJC,DEN,9:44,In,-34,0,0,0
8,UAL,DTW,DEN,9:45,In,-35,0,10,0
8,UAL,DEN,PIA,9:46,Out,-34,0,0,0
8,UAL,DEN,COS,9:48,Out,-33,0,0,0
8,UAL,SAN,DEN,9:48,In,-34,5,11,0
8,UAL,DEN,DAY,9:51,Out,-33,0,0,0
8,UAL,DEN,LIT,9:51,Out,-32,0,7,0
8,UAL,BWI,DEN,9:51,In,-33,36,31,31
8,UAL,DEN,MLI,9:52,Out,-32,0,0,0
8,UAL,PIA,DEN,9:52,In,-33,0,26,0
8,UAL,DEN,EWR,9:53,Out,-32,1,4,0
8,UAL,DEN,GRR,9:53,Out,-31,0,0,0
8,UAL,ORD,DEN,9:53,In,-32,1,18,0
8,UAL,DEN,PHL,9:54,Out,-31,0,2,0
8,UAL,DEN,ELP,9:55,Out,-30,0,0,0
8,UAL,DEN,MEM,9:55,Out,-29,0,0,0
8,UAL,DEN,SGF,9:55,Out,-28,2,0,0
8,UAL,DEN,TPA,9:55,Out,-27,0,0,0
8,UAL,COS,DEN,9:56,In,-28,3,4,0
8,UAL,DEN,OMA,9:56,Out,-27,2,0,0
8,UAL,SFO,DEN,9:57,In,-28,60,60,60
8,UAL,DEN,SAT,9:59,Out,-27,0,0,0
8,UAL,LAX,DEN,10:00,In,-28,0,0,0
8,UAL,DEN,GJT,10:01,Out,-27,0,0,0
8,UAL,DEN,MAF,10:01,Out,-26,2,0,0
8,UAL,DEN,XNA,10:01,Out,-25,0,0,0
8,UAL,CID,DEN,10:02,In,-26,25,25,0
8,UAL,DEN,ASE,10:02,Out,-25,3,4,0
8,UAL,DAL,DEN,10:04,In,-26,0,9,0
8,UAL,CVG,DEN,10:04,In,-27,0,0,0
8,UAL,DEN,MSN,10:05,Out,-26,10,0,0
8,UAL,DEN,MKE,10:05,Out,-25,0,0,0
8,UAL,DEN,DFW,10:05,Out,-24,0,33,0
8,UAL,DEN,IAH,10:06,Out,-23,4,7,0
8,UAL,DEN,PIT,10:06,Out,-22,13,20,13
8,UAL,DEN,SDF,10:07,Out,-21,2,0,0
8,UAL,DEN,ABQ,10:07,Out,-20,3,0,0
8,UAL,DEN,CVG,10:08,Out,-19,3,0,0
8,UAL,LAS,DEN,10:08,In,-20,0,0,0
8,UAL,DEN,MCO,10:09,Out,-19,0,1,0
8,UAL,SDF,DEN,10:10,In,-20,0,0,0
8,UAL,TPA,DEN,10:11,In,-21,0,0,0
8,UAL,MCI,DEN,10:12,In,-22,0,0,0
8,UAL,MLI,DEN,10:12,In,-23,0,0,0
8,UAL,IAD,DEN,10:13,In,-24,0,0,0
8,UAL,DEN,BWI,10:15,Out,-23,9,30,0
8,UAL,DEN,DSM,10:15,Out,-22,20,9,0
8,UAL,DEN,TUL,10:16,Out,-21,14,8,0
8,UAL,DEN,FSD,10:16,Out,-20,16,11,0
8,UAL,TUL,DEN,10:16,In,-21,3,0,0
8,UAL,DEN,IND,10:17,Out,-20,0,7,0
8,UAL,RAP,DEN,10:20,In,-21,0,0,0
8,UAL,COS,DEN,10:20,In,-22,0,3,0
8,UAL,DEN,DRO,10:20,Out,-21,16,8,0
8,UAL,DEN,CMH,10:20,Out,-20,0,13,0
8,UAL,IAH,DEN,10:20,In,-21,0,0,0
8,UAL,HDN,DEN,10:21,In,-22,0,0,0
8,UAL,SNA,DEN,10:21,In,-23,0,0,0
8,UAL,DEN,OKC,10:22,Out,-22,37,33,27
8,UAL,DEN,AUS,10:22,Out,-21,19,12,0
8,UAL,BUR,DEN,10:22,In,-22,0,0,0
8,UAL,DEN,BOS,10:22,Out,-21,2,4,0
8,UAL,SJC,DEN,10:22,In,-22,0,2,0
8,UAL,CLE,DEN,10:23,In,-23,6,0,0
8,UAL,CPR,DEN,10:24,In,-24,0,0,0
8,UAL,BOS,DEN,10:25,In,-25,4,0,0
8,UAL,GJT,DEN,10:26,In,-26,0,0,0
8,UAL,DEN,STL,10:29,Out,-25,12,5,0
8,UAL,DEN,MCI,10:29,Out,-24,9,6,0
8,UAL,DEN,BNA,10:30,Out,-23,21,22,0
8,UAL,DEN,ATL,10:30,Out,-22,0,0,0
8,UAL,ASE,DEN,10:31,In,-23,0,0,0
8,UAL,ATL,DEN,10:32,In,-24,0,30,0
8,UAL,DEN,LGA,10:32,Out,-23,0,17,0
8,UAL,DEN,MSY,10:32,Out,-22,0,38,0
8,UAL,DEN,ICT,10:33,Out,-21,13,15,13
8,UAL,EWR,DEN,10:33,In,-22,75,80,75
8,UAL,MSY,DEN,10:34,In,-23,0,9,0
8,UAL,DEN,BIS,10:35,Out,-22,28,24,0
8,UAL,DEN,DTW,10:36,Out,-21,54,48,0
8,UAL,DEN,MCI,10:38,Out,-20,3,5,0
8,UAL,DEN,DAL,10:39,Out,-19,0,0,0
8,UAL,DEN,MSP,10:39,Out,-18,1,0,0
8,UAL,PHL,DEN,10:39,In,-19,0,13,0
8,UAL,DEN,CID,10:40,Out,-18,15,7,0
8,UAL,DEN,OKC,10:41,Out,-17,6,13,0
8,UAL,DEN,SEA,10:41,Out,-16,144,129,7
8,UAL,LGA,DEN,10:42,In,-17,17,18,0
8,UAL,DEN,BHM,10:44,Out,-16,57,47,37
8,UAL,DEN,HDN,10:44,Out,-15,0,0,0
8,UAL,DEN,LAX,10:44,Out,-14,18,3,0
8,UAL,PDX,DEN,10:44,In,-15,3,0,0
8,UAL,DEN,HSV,10:45,Out,-14,48,34,34
8,UAL,DEN,IAD,10:48,Out,-13,21,42,15
8,UAL,MKE,DEN,10:52,In,-14,43,42,0
8,UAL,ICT,DEN,10:53,In,-15,11,8,0
8,UAL,GRR,DEN,10:54,In,-16,83,89,83
8,UAL,DEN,COS,10:56,Out,-15,5,0,0
8,UAL,SEA,DEN,10:56,In,-16,3,0,0
8,UAL,DEN,ORD,10:59,Out,-15,58,95,0
8,UAL,DEN,GTF,11:00,Out,-14,0,0,0
8,UAL,DEN,PHX,11:01,Out,-13,0,0,0
8,UAL,DEN,DCA,11:01,Out,-12,0,11,0
8,UAL,DSM,DEN,11:02,In,-13,20,22,5
8,UAL,ABQ,DEN,11:02,In,-14,8,2,0
8,UAL,DEN,RAP,11:04,Out,-13,14,4,0
8,UAL,DEN,SFO,11:06,Out,-12,54,37,23
8,UAL,DEN,FAT,11:09,Out,-11,0,0,0
8,UAL,DEN,GCC,11:09,Out,-10,0,0,0
8,UAL,DEN,MFR,11:09,Out,-9,0,0,0
8,UAL,DEN,CLE,11:09,Out,-8,71,57,14
8,UAL,DEN,EGE,11:10,Out,-7,0,0,0
8,UAL,DEN,BUR,11:11,Out,-6,0,0,0
8,UAL,DEN,CPR,11:11,Out,-5,0,0,0
8,UAL,DEN,MSO,11:11,Out,-4,26,30,14
8,UAL,GUC,DEN,11:15,In,-5,0,0,0
8,UAL,DEN,SEA,11:15,Out,-4,0,0,0
8,UAL,DEN,PDX,11:16,Out,-3,1,5,0
8,UAL,DEN,SJC,11:17,Out,-2,5,0,0
8,UAL,IDA,DEN,11:19,In,-3,0,0,0
8,UAL,JAC,DEN,11:19,In,-4,0,0,0
8,UAL,DEN,BIL,11:19,Out,-3,8,8,0
8,UAL,DEN,IAD,11:19,Out,-2,2,28,0
8,UAL,DEN,IAH,11:20,Out,-1,0,0,0
8,UAL,ORD,DEN,11:20,In,-2,32,49,0
8,UAL,DEN,AMA,11:23,Out,-1,86,79,0
8,UAL,DEN,JAC,11:23,Out,0,3,9,0
8,UAL,DEN,LBB,11:26,Out,1,0,0,0
8,UAL,COS,DEN,11:28,In,0,0,0,0
8,UAL,DEN,BOI,11:29,Out,1,4,4,0
8,UAL,BOI,DEN,11:32,In,0,1,0,0
8,UAL,BZN,DEN,11:32,In,-1,0,0,0
8,UAL,DEN,FCA,11:32,Out,0,19,11,0
8,UAL,DEN,MTJ,11:33,Out,1,22,14,0
8,UAL,LAX,DEN,11:35,In,0,0,0,0
8,UAL,BIS,DEN,11:38,In,-1,0,0,0
8,UAL,DEN,GEG,11:38,Out,0,16,17,16
8,UAL,DEN,SFO,11:38,Out,1,18,3,0
8,UAL,OKC,DEN,11:39,In,0,21,26,5
8,UAL,DEN,SAN,11:41,Out,1,21,22,9
8,UAL,DEN,TUS,11:42,Out,2,4,0,0
8,UAL,RKS,DEN,11:44,In,1,0,0,0
8,UAL,LGA,DEN,11:45,In,0,2,0,0
8,UAL,EWR,DEN,11:47,In,-1,27,34,27
8,UAL,DEN,ICT,11:49,Out,0,23,19,0
8,UAL,MCI,DEN,11:50,In,-1,0,0,0
8,UAL,ORD,DEN,11:52,In,-2,24,12,0
8,UAL,DEN,ORD,11:53,Out,-1,50,50,0
8,UAL,BIL,DEN,11:55,In,-2,0,0,0
8,UAL,DEN,LAX,11:55,Out,-1,5,0,0
8,UAL,IAH,DEN,12:01,In,-2,0,0,0
8,UAL,ASE,DEN,12:01,In,-3,0,0,0
8,UAL,DEN,RNO,12:02,Out,-2,3,0,0
8,UAL,DEN,SMF,12:03,Out,-1,8,0,0
8,UAL,DEN,RAP,12:06,Out,0,0,9,0
8,UAL,DEN,IDA,12:06,Out,1,2,0,0
8,UAL,DEN,ASE,12:08,Out,2,19,13,0
8,UAL,DEN,PSP,12:08,Out,3,34,25,25
8,UAL,DEN,ONT,12:10,Out,4,0,0,0
8,UAL,DEN,ABQ,12:13,Out,5,3,0,0
8,UAL,FAT,DEN,12:15,In,4,84,77,77
8,UAL,TUL,DEN,12:17,In,3,59,58,5
8,UAL,MSP,DEN,12:18,In,2,19,36,0
8,UAL,DEN,BZN,12:22,Out,3,62,60,0
8,UAL,SFO,DEN,12:22,In,2,17,19,17
8,UAL,MSO,DEN,12:24,In,1,13,9,0
8,UAL,RAP,DEN,12:27,In,0,5,0,0
8,UAL,GJT,DEN,12:30,In,-1,0,0,0
8,UAL,COS,DEN,12:31,In,-2,0,0,0
8,UAL,SAT,DEN,12:33,In,-3,0,0,0
8,UAL,DRO,DEN,12:39,In,-4,0,0,0
8,UAL,DFW,DEN,12:39,In,-5,11,14,0
8,UAL,HDN,DEN,12:42,In,-6,0,0,0
8,UAL,DEN,ASE,12:43,Out,-5,0,0,0
8,UAL,DEN,STL,12:46,Out,-4,5,14,0
8,UAL,DEN,RKS,12:46,Out,-3,0,0,0
8,UAL,LNK,DEN,12:46,In,-4,0,0,0
8,UAL,MCO,DEN,12:48,In,-5,10,9,0
8,UAL,DEN,COS,12:49,Out,-4,4,0,0
8,UAL,DEN,ATL,12:50,Out,-3,0,0,0
8,UAL,DEN,EWR,12:51,Out,-2,16,1,0
8,UAL,DEN,MOT,12:52,Out,-1,172,172,172
8,UAL,DEN,MSN,12:53,Out,0,0,0,0
8,UAL,DEN,COS,12:53,Out,1,12,10,0
8,UAL,FAT,DEN,12:53,In,0,0,0,0
8,UAL,DEN,MCO,12:53,Out,1,0,0,0
8,UAL,DEN,MSY,12:53,Out,2,0,0,0
8,UAL,BOS,DEN,12:56,In,1,0,19,0
8,UAL,STL,DEN,12:57,In,0,0,0,0
8,UAL,DEN,DSM,13:02,Out,1,0,0,0
8,UAL,DEN,EUG,13:02,Out,2,0,0,0
8,UAL,DEN,SNA,13:02,Out,3,11,9,0
8,UAL,DEN,GUC,13:05,Out,4,24,15,15
8,UAL,DEN,MSP,13:05,Out,5,5,0,0
8,UAL,DEN,BFL,13:06,Out,6,2,0,0
8,UAL,DEN,SBA,13:06,Out,7,71,58,58
8,UAL,DEN,IAH,13:07,Out,8,0,0,0
8,UAL,DEN,BIL,13:11,Out,9,0,0,0
8,UAL,ABQ,DEN,13:11,In,8,0,0,0
8,UAL,EGE,DEN,13:12,In,7,0,0,0
8,UAL,PSC,DEN,13:14,In,6,0,0,0
8,UAL,DEN,ORD,13:17,Out,7,38,29,0
8,UAL,IAH,DEN,13:18,In,6,0,0,0
8,UAL,EUG,DEN,13:27,In,5,0,0,0
8,UAL,SBA,DEN,13:27,In,4,0,0,0
8,UAL,MFR,DEN,13:30,In,3,0,0,0
8,UAL,DEN,BDN,13:31,Out,4,0,0,0
8,UAL,DEN,CLE,13:31,Out,5,0,0,0
8,UAL,ELP,DEN,13:33,In,4,0,0,0
8,UAL,CPR,DEN,13:35,In,3,0,0,0
8,UAL,MTJ,DEN,13:37,In,2,17,9,0
8,UAL,OMA,DEN,13:39,In,1,79,74,0
8,UAL,FSD,DEN,13:39,In,0,4,0,0
8,UAL,LAS,DEN,13:41,In,-1,1,0,0
8,UAL,DEN,OKC,13:44,Out,0,0,0,0
8,UAL,DEN,SAT,13:45,Out,1,0,0,0
8,UAL,DEN,BOS,13:45,Out,2,43,23,0
8,UAL,EWR,DEN,13:46,In,1,1,1,0
8,UAL,MAF,DEN,13:49,In,0,0,0,0
8,UAL,DEN,EWR,13:49,Out,1,20,0,0
8,UAL,ASE,DEN,13:52,In,0,0,0,0
8,UAL,DEN,COS,13:52,Out,1,0,5,0
8,UAL,BIS,DEN,13:55,In,0,22,13,0
8,UAL,COS,DEN,13:56,In,-1,0,0,0
8,UAL,OKC,DEN,13:57,In,-2,38,36,3
8,UAL,DEN,OMA,13:57,Out,-1,3,0,0
8,UAL,AUS,DEN,13:59,In,-2,80,84,0
8,UAL,ICT,DEN,14:01,In,-3,13,5,0
8,UAL,AMA,DEN,14:03,In,-4,73,75,0
8,UAL,DEN,ASE,14:04,Out,-3,0,0,0
8,UAL,SGF,DEN,14:05,In,-4,5,5,0
8,UAL,DEN,RAP,14:06,Out,-3,0,0,0
8,UAL,IAD,DEN,14:06,In,-4,0,0,0
8,UAL,FAR,DEN,14:07,In,-5,9,12,0
8,UAL,DEN,FCA,14:07,Out,-4,0,0,0
8,UAL,DEN,PSC,14:09,Out,-3,6,0,0
8,UAL,DSM,DEN,14:10,In,-4,10,4,0
8,UAL,DEN,FAR,14:11,Out,-3,52,47,38
8,UAL,DEN,ORD,14:15,Out,-2,43,48,7
8,UAL,OKC,DEN,14:16,In,-3,9,9,0
8,UAL,DEN,HLN,14:18,Out,-2,6,2,0
8,UAL,DEN,GJT,14:20,Out,-1,8,0,0
8,UAL,SNA,DEN,14:21,In,-2,6,0,0
8,UAL,DEN,AUS,14:22,Out,-1,43,32,0
8,UAL,DEN,ICT,14:22,Out,0,0,0,0
8,UAL,XNA,DEN,14:25,In,-1,0,0,0
8,UAL,DEN,ELP,14:27,Out,0,0,0,0
8,UAL,SMF,DEN,14:28,In,-1,0,0,0
8,UAL,DEN,MSO,14:29,Out,0,0,13,0
8,UAL,MLI,DEN,14:29,In,-1,0,0,0
8,UAL,DEN,CID,14:32,Out,0,41,25,0
8,UAL,ASE,DEN,14:35,In,-1,0,0,0
8,UAL,DEN,SFO,14:36,Out,0,0,9,0
8,UAL,DEN,MCI,14:37,Out,1,79,71,0
8,UAL,DEN,MOT,14:37,Out,2,12,2,0
8,UAL,LBB,DEN,14:37,In,1,0,0,0
8,UAL,DEN,LGA,14:40,Out,2,8,0,0
8,UAL,SEA,DEN,14:40,In,1,25,18,18
8,UAL,CID,DEN,14:42,In,0,4,0,0
8,UAL,MCI,DEN,14:42,In,-1,7,13,0
8,UAL,IAH,DEN,14:42,In,-2,2,14,0
8,UAL,PIA,DEN,14:44,In,-3,0,0,0
8,UAL,SJC,DEN,14:45,In,-4,25,20,0
8,UAL,DEN,IAH,14:45,Out,-3,5,0,0
8,UAL,BWI,DEN,14:46,In,-4,3,21,0
8,UAL,BIL,DEN,14:47,In,-5,0,0,0
8,UAL,DEN,DFW,14:48,Out,-4,98,82,0
8,UAL,DEN,PIT,14:49,Out,-3,19,10,0
8,UAL,EWR,DEN,14:51,In,-4,6,6,0
8,UAL,DEN,BZN,14:52,Out,-3,0,0,0
8,UAL,SAT,DEN,14:53,In,-4,0,0,0
8,UAL,COS,DEN,14:53,In,-5,24,23,0
8,UAL,DEN,IAD,14:53,Out,-4,12,0,0
8,UAL,MCI,DEN,14:54,In,-5,7,0,0
8,UAL,DEN,FSD,14:55,Out,-4,25,20,8
8,UAL,JAC,DEN,14:55,In,-5,2,0,0
8,UAL,DEN,LAX,14:58,Out,-4,18,25,8
8,UAL,ICT,DEN,15:00,In,-5,23,25,0
8,UAL,DEN,HDN,15:01,Out,-4,1,2,0
8,UAL,SLC,DEN,15:03,In,-5,0,0,0
8,UAL,DEN,MTJ,15:04,Out,-4,0,0,0
8,UAL,DEN,IDA,15:05,Out,-3,0,0,0
8,UAL,ABQ,DEN,15:06,In,-4,0,0,0
8,UAL,DEN,BIS,15:06,Out,-3,30,30,30
8,UAL,GTF,DEN,15:06,In,-4,1,0,0
8,UAL,GCC,DEN,15:09,In,-5,14,18,0
8,UAL,DEN,JAC,15:09,Out,-4,0,0,0
8,UAL,LAX,DEN,15:09,In,-5,13,21,13
8,UAL,SFO,DEN,15:09,In,-6,31,43,31
8,UAL,PHX,DEN,15:11,In,-7,0,0,0
8,UAL,PDX,DEN,15:12,In,-8,19,1,0
8,UAL,SAN,DEN,15:13,In,-9,19,15,0
8,UAL,GUC,DEN,15:18,In,-10,26,22,0
8,UAL,MEM,DEN,15:19,In,-11,0,0,0
8,UAL,DEN,LAX,15:23,Out,-10,0,0,0
8,UAL,ORD,DEN,15:23,In,-11,87,91,17
8,UAL,DEN,TUS,15:25,Out,-10,40,41,20
8,UAL,DEN,ABQ,15:29,Out,-9,8,10,0
8,UAL,DEN,EGE,15:29,Out,-8,3,0,0
8,UAL,MSO,DEN,15:29,In,-9,23,11,0
8,UAL,DEN,SLC,15:30,Out,-8,5,0,0
8,UAL,DEN,MSP,15:30,Out,-7,5,6,0
8,UAL,MSN,DEN,15:31,In,-8,50,46,0
8,UAL,DEN,SJC,15:31,Out,-7,6,1,0
8,UAL,DEN,BIL,15:32,Out,-6,7,2,0
8,UAL,DEN,GCC,15:33,Out,-5,0,1,0
8,UAL,DEN,LAS,15:34,Out,-4,17,8,0
8,UAL,COS,DEN,15:36,In,-5,0,0,0
8,UAL,DEN,DSM,15:36,Out,-4,0,12,0
8,UAL,DEN,SNA,15:38,Out,-3,0,0,0
8,UAL,IDA,DEN,15:40,In,-4,0,4,0
8,UAL,DEN,SMF,15:41,Out,-3,0,0,0
8,UAL,DEN,COS,15:42,Out,-2,2,1,0
8,UAL,RAP,DEN,15:44,In,-3,60,51,0
8,UAL,DEN,SEA,15:45,Out,-2,8,0,0
8,UAL,SFO,DEN,15:46,In,-3,23,27,0
8,UAL,DEN,MLI,15:47,Out,-2,12,0,0
8,UAL,DEN,ABQ,15:48,Out,-1,33,35,0
8,UAL,DEN,MCI,15:49,Out,0,1,0,0
8,UAL,DEN,PDX,15:49,Out,1,24,13,0
8,UAL,DEN,SLC,15:50,Out,2,0,0,0
8,UAL,DEN,SFO,15:50,Out,3,17,8,0
8,UAL,BOI,DEN,15:52,In,2,8,5,0
8,UAL,DEN,MSN,15:54,Out,3,1,0,0
8,UAL,DEN,EWR,15:55,Out,4,0,0,0
8,UAL,DEN,CPR,15:56,Out,5,13,12,0
8,UAL,ASE,DEN,15:58,In,4,0,0,0
8,UAL,DEN,BUR,15:59,Out,5,8,0,0
8,UAL,DEN,FSD,16:00,Out,6,2,4,0
8,UAL,DEN,ORD,16:00,Out,7,4,0,0
8,UAL,BZN,DEN,16:01,In,6,66,50,0
8,UAL,DEN,OKC,16:01,Out,7,5,0,0
8,UAL,MEM,DEN,16:02,In,6,51,61,0
8,UAL,IAH,DEN,16:02,In,5,34,16,9
8,UAL,DEN,COS,16:04,Out,6,9,5,0
8,UAL,DEN,BOS,16:04,Out,7,0,0,0
8,UAL,DEN,DFW,16:05,Out,8,6,2,0
8,UAL,LAX,DEN,16:06,In,7,12,6,0
8,UAL,SDF,DEN,16:08,In,6,0,7,0
8,UAL,DEN,IAD,16:08,Out,7,13,2,0
8,UAL,FAT,DEN,16:14,In,6,0,0,0
8,UAL,DEN,GTF,16:15,Out,7,7,1,0
8,UAL,FCA,DEN,16:19,In,6,19,20,8
8,UAL,RKS,DEN,16:21,In,5,0,0,0
8,UAL,DEN,FCA,16:23,Out,6,0,0,0
8,UAL,GJT,DEN,16:28,In,5,0,0,0
8,UAL,COS,DEN,16:28,In,4,0,0,0
8,UAL,BIL,DEN,16:30,In,3,0,0,0
8,UAL,DEN,MEM,16:30,Out,4,50,43,0
8,UAL,SAN,DEN,16:31,In,3,384,370,370
8,UAL,DEN,SFO,16:41,Out,4,0,0,0
8,UAL,SJC,DEN,16:43,In,3,0,0,0
8,UAL,RAP,DEN,16:45,In,2,0,0,0
8,UAL,DEN,MSO,16:46,Out,3,8,2,0
8,UAL,JAC,DEN,16:46,In,2,24,33,0
8,UAL,DEN,COD,16:47,Out,3,0,13,0
8,UAL,DEN,PHX,16:49,Out,4,58,49,42
8,UAL,BHM,DEN,16:51,In,3,63,53,6
8,UAL,GEG,DEN,16:54,In,2,10,15,7
8,UAL,DEN,BOI,16:55,Out,3,0,6,0
8,UAL,PSP,DEN,16:56,In,2,28,36,3
8,UAL,DEN,GJT,16:57,Out,3,18,36,18
8,UAL,DEN,ASE,16:58,Out,4,8,1,0
8,UAL,CMH,DEN,17:02,In,3,1,0,0
8,UAL,HDN,DEN,17:03,In,2,0,0,0
8,UAL,DEN,LGA,17:03,Out,3,8,0,0
8,UAL,MFR,DEN,17:06,In,2,0,10,0
8,UAL,DEN,IAH,17:07,Out,3,26,10,0
8,UAL,CVG,DEN,17:09,In,2,0,0,0
8,UAL,ASE,DEN,17:09,In,1,0,0,0
8,UAL,RNO,DEN,17:10,In,0,0,3,0
8,UAL,DEN,MOT,17:12,Out,1,1,0,0
8,UAL,DEN,TUL,17:16,Out,2,164,159,113
8,UAL,ORD,DEN,17:16,In,1,11,2,0
8,UAL,BNA,DEN,17:17,In,0,3,13,0
8,UAL,DEN,AUS,17:17,Out,1,0,0,0
8,UAL,DEN,BZN,17:17,Out,2,0,1,0
8,UAL,SLC,DEN,17:18,In,1,2,0,0
8,UAL,DEN,FAR,17:20,Out,2,30,22,0
8,UAL,MCO,DEN,17:22,In,1,1,12,0
8,UAL,MSY,DEN,17:26,In,0,45,44,13
8,UAL,MOT,DEN,17:27,In,-1,169,201,29
8,UAL,BZN,DEN,17:27,In,-2,150,136,0
8,UAL,DEN,SEA,17:27,Out,-1,3,0,0
8,UAL,SFO,DEN,17:28,In,-2,31,48,8
8,UAL,IAH,DEN,17:29,In,-3,21,15,15
8,UAL,SLC,DEN,17:32,In,-4,82,84,26
8,UAL,LIT,DEN,17:34,In,-5,110,113,5
8,UAL,COS,DEN,17:35,In,-6,0,7,0
8,UAL,DEN,TUL,17:36,Out,-5,19,0,0
8,UAL,DEN,BIS,17:38,Out,-4,9,4,0
8,UAL,EGE,DEN,17:38,In,-5,0,0,0
8,UAL,MSN,DEN,17:41,In,-6,0,0,0
8,UAL,OMA,DEN,17:41,In,-7,14,11,0
8,UAL,DEN,IND,17:42,Out,-6,0,0,0
8,UAL,OKC,DEN,17:42,In,-7,0,0,0
8,UAL,DEN,ORD,17:43,Out,-6,0,10,0
8,UAL,LGA,DEN,17:44,In,-7,13,6,0
8,UAL,DEN,ASE,17:45,Out,-6,0,0,0
8,UAL,DEN,CLE,17:45,Out,-5,26,7,0
8,UAL,ICT,DEN,17:46,In,-6,0,3,0
8,UAL,MTJ,DEN,17:46,In,-7,0,17,0
8,UAL,CLE,DEN,17:46,In,-8,0,0,0
8,UAL,ATL,DEN,17:48,In,-9,0,1,0
8,UAL,MSP,DEN,17:50,In,-10,4,0,0
8,UAL,ONT,DEN,17:51,In,-11,0,0,0
8,UAL,DEN,SLC,17:52,Out,-10,0,0,0
8,UAL,DAY,DEN,17:53,In,-11,0,0,0
8,UAL,DEN,SLC,17:55,Out,-10,0,0,0
8,UAL,DEN,BWI,17:55,Out,-9,0,0,0
8,UAL,EWR,DEN,17:57,In,-10,4,8,0
8,UAL,SFO,DEN,17:57,In,-11,8,16,8
8,UAL,COS,DEN,17:59,In,-12,0,0,0
8,UAL,DEN,LAX,17:59,Out,-11,0,0,0
8,UAL,ABQ,DEN,18:01,In,-12,33,44,16
8,UAL,DEN,DAL,18:01,Out,-11,76,93,0
8,UAL,DEN,BIL,18:04,Out,-10,23,22,9
8,UAL,ELP,DEN,18:04,In,-11,22,35,12
8,UAL,DEN,IAD,18:04,Out,-10,6,0,0
8,UAL,DEN,COS,18:07,Out,-9,2,0,0
8,UAL,BOS,DEN,18:07,In,-10,0,2,0
8,UAL,DEN,LGA,18:07,Out,-9,17,20,17
8,UAL,DEN,SFO,18:07,Out,-8,27,18,1
8,UAL,DEN,LIT,18:09,Out,-7,167,181,130
8,UAL,FAR,DEN,18:09,In,-8,41,43,0
8,UAL,DEN,GEG,18:09,Out,-7,10,12,0
8,UAL,HLN,DEN,18:09,In,-8,10,0,0
8,UAL,PIT,DEN,18:12,In,-9,21,18,0
8,UAL,DEN,OMA,18:13,Out,-8,141,135,0
8,UAL,DEN,PSC,18:15,Out,-7,2,0,0
8,UAL,DEN,RAP,18:16,Out,-6,125,115,2
8,UAL,BFL,DEN,18:17,In,-7,0,0,0
8,UAL,IDA,DEN,18:18,In,-8,0,0,0
8,UAL,MOT,DEN,18:19,In,-9,0,0,0
8,UAL,AUS,DEN,18:19,In,-10,85,89,0
8,UAL,BZN,DEN,18:24,In,-11,0,0,0
8,UAL,FSD,DEN,18:27,In,-12,25,24,4
8,UAL,BOI,DEN,18:28,In,-13,7,0,0
8,UAL,DEN,EWR,18:29,Out,-12,50,36,9
8,UAL,SLC,DEN,18:31,In,-13,0,0,0
8,UAL,SNA,DEN,18:31,In,-14,1,16,0
8,UAL,DEN,DRO,18:33,Out,-13,0,0,0
8,UAL,JAC,DEN,18:33,In,-14,0,0,0
8,UAL,DEN,CID,18:34,Out,-13,156,160,116
8,UAL,BIS,DEN,18:35,In,-14,30,23,0
8,UAL,DEN,RAP,18:37,Out,-13,38,42,7
8,UAL,BWI,DEN,18:39,In,-14,32,25,2
8,UAL,DEN,ASE,18:41,Out,-13,0,0,0
8,UAL,CPR,DEN,18:42,In,-14,30,28,0
8,UAL,DEN,MCI,18:44,Out,-13,43,42,0
8,UAL,DEN,SJC,18:45,Out,-12,5,0,0
8,UAL,MCI,DEN,18:45,In,-13,52,36,0
8,UAL,DEN,BOI,18:49,Out,-12,10,5,0
8,UAL,GRR,DEN,18:50,In,-13,44,51,13
8,UAL,TUS,DEN,18:50,In,-14,10,12,0
8,UAL,DEN,PDX,18:51,Out,-13,0,6,0
8,UAL,DEN,ATL,18:52,Out,-12,33,20,0
8,UAL,BIL,DEN,18:55,In,-13,0,0,0
8,UAL,ABQ,DEN,18:57,In,-14,24,37,0
8,UAL,DEN,SLC,18:57,Out,-13,0,0,0
8,UAL,DEN,PDX,18:57,Out,-12,4,0,0
8,UAL,ASE,DEN,18:58,In,-13,0,0,0
8,UAL,DEN,EUG,18:59,Out,-12,1,0,0
8,UAL,DEN,SAN,18:59,Out,-11,1,0,0
8,UAL,DEN,TVC,19:01,Out,-10,21,6,0
8,UAL,DEN,LNK,19:02,Out,-9,75,72,29
8,UAL,LAS,DEN,19:03,In,-10,1,12,0
8,UAL,DEN,SFO,19:04,Out,-9,6,0,0
8,UAL,DEN,STL,19:06,Out,-8,76,66,0
8,UAL,DEN,FSD,19:07,Out,-7,7,3,0
8,UAL,IAD,DEN,19:07,In,-8,59,79,57
8,UAL,DEN,ICT,19:08,Out,-7,75,71,48
8,UAL,DEN,CPR,19:09,Out,-6,25,21,21
8,UAL,CID,DEN,19:10,In,-7,54,52,27
8,UAL,DEN,BUR,19:10,Out,-6,0,0,0
8,UAL,SBA,DEN,19:10,In,-7,60,105,2
8,UAL,DFW,DEN,19:10,In,-8,70,70,19
8,UAL,DEN,BFL,19:11,Out,-7,20,13,0
8,UAL,DEN,SLC,19:13,Out,-6,0,0,0
8,UAL,DEN,LAS,19:13,Out,-5,3,0,0
8,UAL,EUG,DEN,19:14,In,-6,0,13,0
8,UAL,DEN,MRY,19:17,Out,-5,9,0,0
8,UAL,SLC,DEN,19:18,In,-6,1,36,1
8,UAL,DEN,FAT,19:18,Out,-5,20,8,0
8,UAL,PDX,DEN,19:18,In,-6,17,30,0
8,UAL,PHX,DEN,19:18,In,-7,0,33,0
8,UAL,DEN,ELP,19:19,Out,-6,98,87,36
8,UAL,PSC,DEN,19:19,In,-7,0,5,0
8,UAL,MSO,DEN,19:20,In,-8,15,14,0
8,UAL,FCA,DEN,19:22,In,-9,0,25,0
8,UAL,BDN,DEN,19:24,In,-10,14,24,14
8,UAL,DSM,DEN,19:24,In,-11,94,101,0
8,UAL,IAD,DEN,19:28,In,-12,32,27,10
8,UAL,DEN,FAI,19:30,Out,-11,0,0,0
8,UAL,ATL,DEN,19:31,In,-12,0,0,0
8,UAL,DEN,JAC,19:31,Out,-11,0,0,0
8,UAL,DCA,DEN,19:32,In,-12,18,24,12
8,UAL,ASE,DEN,19:34,In,-13,0,0,0
8,UAL,GJT,DEN,19:35,In,-14,27,32,0
8,UAL,DEN,PHX,19:35,Out,-13,20,13,0
8,UAL,OKC,DEN,19:36,In,-14,0,0,0
8,UAL,DEN,SMF,19:38,Out,-13,23,7,0
8,UAL,IAD,DEN,19:39,In,-14,154,170,22
8,UAL,DEN,SNA,19:40,Out,-13,37,24,24
8,UAL,DEN,HSV,19:41,Out,-12,1,0,0
8,UAL,DEN,CMH,19:41,Out,-11,6,0,0
8,UAL,DEN,FSD,19:42,Out,-10,0,0,0
8,UAL,DEN,TYS,19:43,Out,-9,0,23,0
8,UAL,BUR,DEN,19:43,In,-10,59,65,0
8,UAL,DEN,COD,19:43,Out,-9,23,17,0
8,UAL,ORD,DEN,19:43,In,-10,13,14,0
8,UAL,DEN,MSN,19:47,Out,-9,7,0,0
8,UAL,DEN,ABQ,19:48,Out,-8,4,7,0
8,UAL,DEN,GJT,19:49,Out,-7,4,7,0
8,UAL,SFO,DEN,19:49,In,-8,16,6,0
8,UAL,DEN,ICT,19:50,Out,-7,30,25,0
8,UAL,DEN,RNO,19:50,Out,-6,52,35,3
8,UAL,DEN,MCI,19:51,Out,-5,10,5,0
8,UAL,DEN,COS,19:55,Out,-4,20,19,0
8,UAL,DEN,TUS,19:55,Out,-3,47,45,31
8,UAL,DSM,DEN,19:57,In,-4,4,0,0
8,UAL,DEN,LAX,20:00,Out,-3,10,0,0
8,UAL,DEN,PIT,20:02,Out,-2,99,86,0
8,UAL,DEN,BWI,20:02,Out,-1,42,17,2
8,UAL,DEN,EWR,20:02,Out,0,21,6,0
8,UAL,DEN,ANC,20:03,Out,1,41,26,7
8,UAL,DEN,IAD,20:03,Out,2,17,4,0
8,UAL,SMF,DEN,20:03,In,1,193,195,7
8,UAL,STL,DEN,20:06,In,0,140,132,0
8,UAL,MSP,DEN,20:06,In,-1,0,0,0
8,UAL,DEN,DTW,20:08,Out,0,21,5,0
8,UAL,EWR,DEN,20:08,In,-1,12,17,12
8,UAL,MLI,DEN,20:10,In,-2,0,0,0
8,UAL,DEN,PIA,20:10,Out,-1,55,46,0
8,UAL,MKE,DEN,20:10,In,-2,10,7,0
8,UAL,LAX,DEN,20:12,In,-3,103,95,4
8,UAL,OMA,DEN,20:14,In,-4,29,17,0
8,UAL,DEN,MKE,20:14,Out,-3,27,21,16
8,UAL,DEN,CVG,20:15,Out,-2,34,27,0
8,UAL,LGA,DEN,20:16,In,-3,17,22,17
8,UAL,DEN,RAP,20:17,Out,-2,30,25,12
8,UAL,DEN,IAH,20:17,Out,-1,160,147,3
8,UAL,GTF,DEN,20:18,In,-2,10,0,0
8,UAL,DEN,OKC,20:21,Out,-1,7,0,0
8,UAL,COS,DEN,20:22,In,-2,16,9,0
8,UAL,LIT,DEN,20:22,In,-3,18,20,1
8,UAL,DEN,COS,20:22,Out,-2,0,0,0
8,UAL,GJT,DEN,20:23,In,-3,0,0,0
8,UAL,FSD,DEN,20:25,In,-4,23,14,0
8,UAL,SAN,DEN,20:25,In,-5,9,1,0
8,UAL,DEN,ASE,20:32,Out,-4,0,0,0
8,UAL,DEN,SAT,20:33,Out,-3,0,0,0
8,UAL,DEN,TUL,20:33,Out,-2,45,32,0
8,UAL,COD,DEN,20:36,In,-3,7,0,0
8,UAL,DEN,OMA,20:37,Out,-2,49,40,0
8,UAL,LAX,DEN,20:37,In,-3,38,25,12
8,UAL,DEN,MAF,20:38,Out,-2,0,0,0
8,UAL,IAD,DEN,20:38,In,-3,0,0,0
8,UAL,MCI,DEN,20:41,In,-4,47,48,0
8,UAL,FCA,DEN,20:41,In,-5,0,0,0
8,UAL,MSN,DEN,20:42,In,-6,0,0,0
8,UAL,DEN,DFW,20:43,Out,-5,8,0,0
8,UAL,DFW,DEN,20:43,In,-6,0,0,0
8,UAL,DEN,DAY,20:44,Out,-5,74,60,0
8,UAL,RAP,DEN,20:45,In,-6,114,104,0
8,UAL,GEG,DEN,20:46,In,-7,24,22,0
8,UAL,DEN,MOT,20:47,Out,-6,1,3,0
8,UAL,DEN,MSP,20:48,Out,-5,0,0,0
8,UAL,AUS,DEN,20:49,In,-6,9,6,0
8,UAL,MSO,DEN,20:50,In,-7,0,0,0
8,UAL,DEN,DSM,20:50,Out,-6,2,0,0
8,UAL,PHX,DEN,20:53,In,-7,52,52,3
8,UAL,BZN,DEN,20:53,In,-8,0,0,0
8,UAL,STL,DEN,20:56,In,-9,53,41,0
8,UAL,DRO,DEN,20:56,In,-10,0,0,0
8,UAL,DEN,MLI,20:57,Out,-9,0,4,0
8,UAL,SNA,DEN,20:57,In,-10,0,0,0
8,UAL,BOS,DEN,20:58,In,-11,29,18,2
8,UAL,SJC,DEN,20:59,In,-12,0,0,0
8,UAL,BUR,DEN,21:03,In,-13,18,2,0
8,UAL,CMH,DEN,21:03,In,-14,10,13,0
8,UAL,CLE,DEN,21:04,In,-15,26,24,0
8,UAL,DEN,PHL,21:04,Out,-14,77,63,2
8,UAL,BIL,DEN,21:07,In,-15,14,0,0
8,UAL,MCI,DEN,21:07,In,-16,62,49,0
8,UAL,ORD,DEN,21:07,In,-17,23,31,23
8,UAL,DEN,CID,21:08,Out,-16,17,11,0
8,UAL,RAP,DEN,21:08,In,-17,33,19,0
8,UAL,FAR,DEN,21:08,In,-18,17,6,0
8,UAL,DEN,MEM,21:10,Out,-17,0,33,0
8,UAL,DEN,SGF,21:11,Out,-16,26,15,0
8,UAL,SMF,DEN,21:11,In,-17,0,3,0
8,UAL,BIS,DEN,21:13,In,-18,3,8,0
8,UAL,BOI,DEN,21:13,In,-19,4,1,0
8,UAL,PHL,DEN,21:13,In,-20,8,22,0
8,UAL,MOT,DEN,21:16,In,-21,0,1,0
8,UAL,TUL,DEN,21:17,In,-22,0,6,0
8,UAL,DTW,DEN,21:17,In,-23,21,31,0
8,UAL,DEN,SDF,21:19,Out,-22,93,86,77
8,UAL,ABQ,DEN,21:19,In,-23,59,40,0
8,UAL,SLC,DEN,21:20,In,-24,0,0,0
8,UAL,IND,DEN,21:23,In,-25,38,50,12
8,UAL,TUL,DEN,21:24,In,-26,187,186,27
8,UAL,MCO,DEN,21:24,In,-27,20,44,0
8,UAL,SEA,DEN,21:27,In,-28,23,7,0
8,UAL,ELP,DEN,21:28,In,-29,18,50,0
8,UAL,IAH,DEN,21:28,In,-30,42,33,8
8,UAL,SAT,DEN,21:30,In,-31,43,37,0
8,UAL,LAS,DEN,21:31,In,-32,36,25,0
8,UAL,DEN,COS,21:33,Out,-31,3,3,0
8,UAL,DEN,AUS,21:35,Out,-30,36,19,0
8,UAL,DEN,STL,21:38,Out,-29,45,27,0
8,UAL,DEN,LIT,21:40,Out,-28,67,70,18
8,UAL,DEN,ORD,21:40,Out,-27,87,68,2
8,UAL,CPR,DEN,21:46,In,-28,9,34,0
8,UAL,DEN,HLN,21:46,Out,-27,0,0,0
8,UAL,DEN,ORD,21:47,Out,-26,0,0,0
8,UAL,EWR,DEN,21:48,In,-27,30,53,28
8,UAL,LAX,DEN,21:48,In,-28,0,0,0
8,UAL,DEN,SJC,21:49,Out,-27,0,0,0
8,UAL,DEN,FCA,21:50,Out,-26,0,0,0
8,UAL,DEN,MCI,21:51,Out,-25,0,0,0
8,UAL,DEN,SBA,21:52,Out,-24,0,0,0
8,UAL,DEN,PSP,21:53,Out,-23,0,0,0
8,UAL,DEN,SEA,21:53,Out,-22,175,159,159
8,UAL,DEN,ELP,21:54,Out,-21,0,0,0
8,UAL,DEN,MSO,21:54,Out,-20,5,6,0
8,UAL,DEN,BIS,21:55,Out,-19,0,2,0
8,UAL,DEN,CPR,21:55,Out,-18,0,0,0
8,UAL,DEN,PSC,21:55,Out,-17,0,2,0
8,UAL,DEN,DRO,21:56,Out,-16,0,0,0
8,UAL,DEN,DFW,21:56,Out,-15,5,0,0
8,UAL,DEN,BZN,21:56,Out,-14,0,0,0
8,UAL,DEN,RAP,21:57,Out,-13,0,0,0
8,UAL,DEN,IDA,21:58,Out,-12,1,7,0
8,UAL,PIT,DEN,21:59,In,-13,53,43,0
8,UAL,ORD,DEN,22:00,In,-14,13,3,0
8,UAL,DEN,OMA,22:01,Out,-13,6,0,0
8,UAL,DEN,ASE,22:01,Out,-12,18,15,15
8,UAL,DEN,COS,22:02,Out,-11,41,35,0
8,UAL,DEN,GCC,22:02,Out,-10,132,133,132
8,UAL,DEN,PDX,22:02,Out,-9,5,0,0
8,UAL,DEN,GRR,22:03,Out,-8,143,133,0
8,UAL,DEN,FAT,22:03,Out,-7,3,0,0
8,UAL,DEN,LNK,22:04,Out,-6,21,5,0
8,UAL,DEN,HDN,22:05,Out,-5,5,0,0
8,UAL,LNK,DEN,22:07,In,-6,72,59,0
8,UAL,DEN,RKS,22:08,Out,-5,13,22,12
8,UAL,DEN,MFR,22:10,Out,-4,19,0,0
8,UAL,SLC,DEN,22:11,In,-5,47,51,7
8,UAL,DEN,BNA,22:11,Out,-4,147,151,47
8,UAL,DEN,GTF,22:11,Out,-3,15,6,0
8,UAL,DEN,GJT,22:12,Out,-2,10,6,0
8,UAL,DEN,IAH,22:12,Out,-1,24,7,0
8,UAL,DEN,LAX,22:12,Out,0,37,35,3
8,UAL,IAH,DEN,22:17,In,-1,184,169,14
8,UAL,DEN,GEG,22:19,Out,0,28,21,6
8,UAL,DEN,ONT,22:20,Out,1,23,22,7
8,UAL,DEN,BIL,22:25,Out,2,0,0,0
8,UAL,DEN,SAN,22:25,Out,3,30,34,22
8,UAL,ICT,DEN,22:27,In,2,98,88,0
8,UAL,DEN,BOI,22:32,Out,3,31,20,3
8,UAL,DEN,MTJ,22:40,Out,4,40,37,34
8,UAL,CID,DEN,22:41,In,3,139,119,0
8,UAL,DEN,BDN,22:42,Out,4,39,25,0
8,UAL,DEN,AMA,22:44,Out,5,57,43,0
8,UAL,DEN,ICT,22:45,Out,6,122,104,0
8,UAL,DEN,ABQ,22:47,Out,7,48,37,0
8,UAL,EWR,DEN,22:49,In,6,1,0,0
8,UAL,IAH,DEN,22:52,In,5,12,13,0
8,UAL,DAL,DEN,22:59,In,4,94,105,1
8,UAL,HSV,DEN,23:16,In,3,374,365,365
8,UAL,DEN,FAR,23:17,Out,4,125,116,0
8,UAL,DEN,FSD,23:17,Out,5,77,74,24
8,UAL,DEN,SFO,23:18,Out,6,86,99,40
8,UAL,SFO,DEN,23:45,In,5,43,54,0
8,UAL,SFO,DEN,23:46,In,4,121,108,1
8,UAL,DEN,SLC,23:47,Out,5,107,94,60
8,UAL,IAD,DEN,23:58,In,4,0,5,0
9,USA,CLT,DEN,0:17,In,0,20,40,16
9,USA,PHX,DEN,0:22,In,0,1,0,0
9,USA,DEN,PHL,0:44,Out,1,0,8,0
9,USA,DEN,CLT,0:55,Out,2,0,0,0
9,USA,DEN,PHX,5:50,Out,3,0,0,0
9,USA,DEN,CLT,6:41,Out,4,0,0,0
9,USA,DEN,PHL,7:05,Out,5,0,0,0
9,USA,DEN,PHX,7:50,Out,6,0,15,0
9,USA,DEN,CLT,8:09,Out,7,0,0,0
9,USA,CLT,DEN,9:04,In,6,0,0,0
9,USA,PHL,DEN,9:48,In,5,0,0,0
9,USA,DEN,CLT,10:20,Out,6,0,0,0
9,USA,DEN,PHL,10:58,Out,7,0,6,0
9,USA,CLT,DEN,11:28,In,6,14,33,14
9,USA,PHX,DEN,11:32,In,5,0,0,0
9,USA,DEN,CLT,12:08,Out,6,9,9,0
9,USA,DEN,PHX,12:09,Out,7,0,6,0
9,USA,CLT,DEN,13:13,In,6,0,0,0
9,USA,DEN,PHX,14:39,Out,7,0,0,0
9,USA,PHX,DEN,15:14,In,6,5,6,0
9,USA,DEN,CLT,16:01,Out,7,1,11,0
9,USA,PHX,DEN,17:46,In,6,0,8,0
9,USA,DEN,PHX,18:27,Out,7,7,0,0
9,USA,CLT,DEN,20:08,In,6,0,7,0
9,USA,PHL,DEN,21:04,In,5,20,34,20
9,USA,PHX,DEN,21:25,In,4,0,0,0
9,USA,PHL,DEN,22:45,In,3,0,0,0
9,USA,CLT,DEN,23:00,In,2,55,73,0
